userID,domain,decision_time,expertiseLevel
6116ee8fcd5414630d3527e8,text,202.988,E
6116ee8fcd5414630d3527e8,text,100.5775,E
6116ee8fcd5414630d3527e8,text,146.035,E
6116ee8fcd5414630d3527e8,text,138.61775,E
6116ee8fcd5414630d3527e8,text,25.49825,E
6116ee8fcd5414630d3527e8,text,29.334,E
6116ee8fcd5414630d3527e8,text,4.735,E
6116ee8fcd5414630d3527e8,text,37.038,E
6116ee8fcd5414630d3527e8,text,5.757,E
6116ee8fcd5414630d3527e8,text,12.37325,E
6116ee8fcd5414630d3527e8,text,17.4495,E
6116ee8fcd5414630d3527e8,text,12.926,E
6116ee8fcd5414630d3527e8,text,3.49375,E
6116ee8fcd5414630d3527e8,text,2.97925,E
6116ee8fcd5414630d3527e8,text,2.849,E
6116ee8fcd5414630d3527e8,text,2.317,E
6116ee8fcd5414630d3527e8,text,2.73125,E
611f5fca1c852d6d56e5bf8d,text,97.83675,E
611f5fca1c852d6d56e5bf8d,text,14.8105,E
611f5fca1c852d6d56e5bf8d,text,17.6495,E
611f5fca1c852d6d56e5bf8d,text,23.95975,E
611f5fca1c852d6d56e5bf8d,text,27.7185,E
611f5fca1c852d6d56e5bf8d,text,17.4625,E
611f5fca1c852d6d56e5bf8d,text,129.729,E
611f5fca1c852d6d56e5bf8d,text,45.77525,E
611f5fca1c852d6d56e5bf8d,text,19.4425,E
611f5fca1c852d6d56e5bf8d,text,18.4965,E
611f5fca1c852d6d56e5bf8d,text,10.1735,E
611f5fca1c852d6d56e5bf8d,text,35.81575,E
611f5fca1c852d6d56e5bf8d,text,10.77075,E
611f5fca1c852d6d56e5bf8d,text,9.35625,E
611f5fca1c852d6d56e5bf8d,text,7.714,E
611f5fca1c852d6d56e5bf8d,text,7.4975,E
611f5fca1c852d6d56e5bf8d,text,17.49625,E
611f5fca1c852d6d56e5bf8d,text,5.93675,E
611f5fca1c852d6d56e5bf8d,text,10.18,E
61687f084dd0608f43a02d0e,text,129.556,N
61687f084dd0608f43a02d0e,text,54.68525,N
61687f084dd0608f43a02d0e,text,66.3545,N
61687f084dd0608f43a02d0e,text,4.771,N
61687f084dd0608f43a02d0e,text,12.7545,N
61687f084dd0608f43a02d0e,text,8.77275,N
61687f084dd0608f43a02d0e,text,11.49475,N
61687f084dd0608f43a02d0e,text,8.3125,N
61687f084dd0608f43a02d0e,text,47.46075,N
61687f084dd0608f43a02d0e,text,16.47425,N
61687f084dd0608f43a02d0e,text,16.5295,N
61687f084dd0608f43a02d0e,text,11.25575,N
61687f084dd0608f43a02d0e,text,17.6135,N
61687f084dd0608f43a02d0e,text,22.398,N
61687f084dd0608f43a02d0e,text,32.70675,N
61687f084dd0608f43a02d0e,text,21.65875,N
61687f084dd0608f43a02d0e,text,14.259,N
61687f084dd0608f43a02d0e,text,16.11,N
61687f084dd0608f43a02d0e,text,14.86,N
61687f084dd0608f43a02d0e,text,6.3635,N
5d8c9182bc22d700191aef2b,text,75.248,E
5d8c9182bc22d700191aef2b,text,19.25025,E
5d8c9182bc22d700191aef2b,text,19.061,E
5d8c9182bc22d700191aef2b,text,28.7445,E
5d8c9182bc22d700191aef2b,text,23.3115,E
5d8c9182bc22d700191aef2b,text,31.72625,E
5d8c9182bc22d700191aef2b,text,20.414,E
5d8c9182bc22d700191aef2b,text,82.9055,E
5d8c9182bc22d700191aef2b,text,25.249,E
5d8c9182bc22d700191aef2b,text,26.00875,E
5d8c9182bc22d700191aef2b,text,30.39125,E
5d8c9182bc22d700191aef2b,text,27.18125,E
5d8c9182bc22d700191aef2b,text,11.81775,E
5d8c9182bc22d700191aef2b,text,14.625,E
5d8c9182bc22d700191aef2b,text,37.36,E
5d8c9182bc22d700191aef2b,text,15.045,E
5d8c9182bc22d700191aef2b,text,14.87675,E
5d8c9182bc22d700191aef2b,text,13.18425,E
5d8c9182bc22d700191aef2b,text,10.256,E
5d8c9182bc22d700191aef2b,text,9.13775,E
611e182dfe4a100e7d271c7e,text,63.36125,N
611e182dfe4a100e7d271c7e,text,67.395,N
611e182dfe4a100e7d271c7e,text,13.43675,N
611e182dfe4a100e7d271c7e,text,38.58475,N
611e182dfe4a100e7d271c7e,text,24.6155,N
611e182dfe4a100e7d271c7e,text,40.631,N
611e182dfe4a100e7d271c7e,text,85.846,N
611e182dfe4a100e7d271c7e,text,11.522,N
611e182dfe4a100e7d271c7e,text,9.654,N
611e182dfe4a100e7d271c7e,text,19.10225,N
611e182dfe4a100e7d271c7e,text,8.08275,N
611e182dfe4a100e7d271c7e,text,13.56525,N
611e182dfe4a100e7d271c7e,text,28.1295,N
611e182dfe4a100e7d271c7e,text,14.40875,N
611e182dfe4a100e7d271c7e,text,11.42225,N
611e182dfe4a100e7d271c7e,text,17.55425,N
611e182dfe4a100e7d271c7e,text,7.43325,N
611e182dfe4a100e7d271c7e,text,6.48,N
611e182dfe4a100e7d271c7e,text,3.931,N
611e182dfe4a100e7d271c7e,text,3.7965,N
5eceef5fa487421604c337ba,text,89.3615,E
5eceef5fa487421604c337ba,text,23.84275,E
5eceef5fa487421604c337ba,text,12.6575,E
5eceef5fa487421604c337ba,text,10.61675,E
5eceef5fa487421604c337ba,text,11.43075,E
5eceef5fa487421604c337ba,text,56.975,E
5eceef5fa487421604c337ba,text,47.28275,E
5eceef5fa487421604c337ba,text,62.64325,E
5eceef5fa487421604c337ba,text,19.387,E
5eceef5fa487421604c337ba,text,8.428,E
5eceef5fa487421604c337ba,text,14.72775,E
5eceef5fa487421604c337ba,text,4.17425,E
5eceef5fa487421604c337ba,text,2.613,E
5eceef5fa487421604c337ba,text,2.09875,E
5eceef5fa487421604c337ba,text,9.8865,E
5eceef5fa487421604c337ba,text,3.60075,E
5eceef5fa487421604c337ba,text,4.02775,E
5eceef5fa487421604c337ba,text,2.0235,E
5eceef5fa487421604c337ba,text,2.914,E
5eceef5fa487421604c337ba,text,6.4445,E
61227cb134d2ee7a4a125ef7,text,55.374,N
61227cb134d2ee7a4a125ef7,text,24.78125,N
61227cb134d2ee7a4a125ef7,text,4.6025,N
61227cb134d2ee7a4a125ef7,text,6.65325,N
61227cb134d2ee7a4a125ef7,text,3.7695,N
61227cb134d2ee7a4a125ef7,text,12.5455,N
61227cb134d2ee7a4a125ef7,text,11.7185,N
61227cb134d2ee7a4a125ef7,text,4.4785,N
61227cb134d2ee7a4a125ef7,text,4.6715,N
61227cb134d2ee7a4a125ef7,text,3.6355,N
61227cb134d2ee7a4a125ef7,text,11.50025,N
61227cb134d2ee7a4a125ef7,text,5.2175,N
61227cb134d2ee7a4a125ef7,text,16.116,N
61227cb134d2ee7a4a125ef7,text,8.43375,N
61227cb134d2ee7a4a125ef7,text,5.266,N
61227cb134d2ee7a4a125ef7,text,6.40675,N
61227cb134d2ee7a4a125ef7,text,3.24225,N
61227cb134d2ee7a4a125ef7,text,4.32675,N
61227cb134d2ee7a4a125ef7,text,4.99375,N
61227cb134d2ee7a4a125ef7,text,3.2075,N
61227cb134d2ee7a4a125ef7,text,7.16125,N
61227cb134d2ee7a4a125ef7,text,6.90575,N
61227cb134d2ee7a4a125ef7,text,5.31425,N
61227cb134d2ee7a4a125ef7,text,2.669,N
61227cb134d2ee7a4a125ef7,text,3.842,N
61227cb134d2ee7a4a125ef7,text,5.22075,N
61227cb134d2ee7a4a125ef7,text,7.12175,N
5aad8904e1546900019aef8e,text,402.863,N
5aad8904e1546900019aef8e,text,22.49,N
5aad8904e1546900019aef8e,text,13.3945,N
5aad8904e1546900019aef8e,text,11.41175,N
5aad8904e1546900019aef8e,text,86.2555,N
5aad8904e1546900019aef8e,text,16.683,N
5aad8904e1546900019aef8e,text,7.44825,N
5aad8904e1546900019aef8e,text,5.36925,N
5aad8904e1546900019aef8e,text,2.79225,N
5aad8904e1546900019aef8e,text,5.79025,N
5aad8904e1546900019aef8e,text,2.42175,N
5aad8904e1546900019aef8e,text,56.76275,N
5aad8904e1546900019aef8e,text,3.979,N
5aad8904e1546900019aef8e,text,3.74275,N
5aad8904e1546900019aef8e,text,4.39425,N
5aad8904e1546900019aef8e,text,11.06725,N
5aad8904e1546900019aef8e,text,13.64225,N
5aad8904e1546900019aef8e,text,3.818,N
5aad8904e1546900019aef8e,text,1.6165,N
602fd43a4bcf02d4aac8ef3c,text,121.3825,I
602fd43a4bcf02d4aac8ef3c,text,55.97275,I
602fd43a4bcf02d4aac8ef3c,text,17.1155,I
602fd43a4bcf02d4aac8ef3c,text,17.30975,I
602fd43a4bcf02d4aac8ef3c,text,21.9275,I
602fd43a4bcf02d4aac8ef3c,text,14.0,I
602fd43a4bcf02d4aac8ef3c,text,49.71725,I
602fd43a4bcf02d4aac8ef3c,text,26.35575,I
602fd43a4bcf02d4aac8ef3c,text,19.58525,I
602fd43a4bcf02d4aac8ef3c,text,19.8185,I
602fd43a4bcf02d4aac8ef3c,text,19.764,I
602fd43a4bcf02d4aac8ef3c,text,22.00275,I
602fd43a4bcf02d4aac8ef3c,text,102.96625,I
602fd43a4bcf02d4aac8ef3c,text,10.349,I
602fd43a4bcf02d4aac8ef3c,text,11.143,I
602fd43a4bcf02d4aac8ef3c,text,9.896,I
602fd43a4bcf02d4aac8ef3c,text,10.74,I
602fd43a4bcf02d4aac8ef3c,text,12.817,I
5fa507fa0776431b370bc0c7,text,147.20175,E
5fa507fa0776431b370bc0c7,text,35.96325,E
5fa507fa0776431b370bc0c7,text,20.23475,E
5fa507fa0776431b370bc0c7,text,21.836,E
5fa507fa0776431b370bc0c7,text,20.3095,E
5fa507fa0776431b370bc0c7,text,17.82825,E
5fa507fa0776431b370bc0c7,text,13.6025,E
5fa507fa0776431b370bc0c7,text,14.19575,E
5fa507fa0776431b370bc0c7,text,7.5705,E
5fa507fa0776431b370bc0c7,text,3.96175,E
5fa507fa0776431b370bc0c7,text,9.211,E
5fa507fa0776431b370bc0c7,text,3.363,E
5fa507fa0776431b370bc0c7,text,29.25975,E
5fa507fa0776431b370bc0c7,text,4.31825,E
5fa507fa0776431b370bc0c7,text,6.9305,E
5fa507fa0776431b370bc0c7,text,2.61975,E
5fa507fa0776431b370bc0c7,text,3.5425,E
5fa507fa0776431b370bc0c7,text,3.1615,E
5fa507fa0776431b370bc0c7,text,7.69275,E
61612589346d8995f94f2dc9,text,46.677,I
61612589346d8995f94f2dc9,text,17.14675,I
61612589346d8995f94f2dc9,text,8.35975,I
61612589346d8995f94f2dc9,text,8.32575,I
61612589346d8995f94f2dc9,text,4.051,I
61612589346d8995f94f2dc9,text,10.20025,I
61612589346d8995f94f2dc9,text,5.41675,I
61612589346d8995f94f2dc9,text,6.22875,I
61612589346d8995f94f2dc9,text,52.28775,I
61612589346d8995f94f2dc9,text,36.926,I
61612589346d8995f94f2dc9,text,19.977,I
61612589346d8995f94f2dc9,text,5.128,I
61612589346d8995f94f2dc9,text,2.48675,I
61612589346d8995f94f2dc9,text,2.145,I
61612589346d8995f94f2dc9,text,30.537,I
61612589346d8995f94f2dc9,text,5.17875,I
61612589346d8995f94f2dc9,text,9.456,I
61612589346d8995f94f2dc9,text,4.74775,I
61612589346d8995f94f2dc9,text,9.323,I
61612589346d8995f94f2dc9,text,5.061,I
61612589346d8995f94f2dc9,text,7.36925,I
61141c855eb58d6a4e3d8d5b,text,44.9675,I
61141c855eb58d6a4e3d8d5b,text,236.68025,I
61141c855eb58d6a4e3d8d5b,text,13.041,I
61141c855eb58d6a4e3d8d5b,text,25.9695,I
61141c855eb58d6a4e3d8d5b,text,9.5315,I
61141c855eb58d6a4e3d8d5b,text,7.5575,I
61141c855eb58d6a4e3d8d5b,text,5.96125,I
61141c855eb58d6a4e3d8d5b,text,28.24275,I
61141c855eb58d6a4e3d8d5b,text,10.68825,I
61141c855eb58d6a4e3d8d5b,text,10.7825,I
61141c855eb58d6a4e3d8d5b,text,10.4515,I
61141c855eb58d6a4e3d8d5b,text,10.246,I
61141c855eb58d6a4e3d8d5b,text,5.24425,I
61141c855eb58d6a4e3d8d5b,text,30.9165,I
61141c855eb58d6a4e3d8d5b,text,51.36975,I
61141c855eb58d6a4e3d8d5b,text,50.50725,I
61141c855eb58d6a4e3d8d5b,text,10.16875,I
61141c855eb58d6a4e3d8d5b,text,17.94325,I
61141c855eb58d6a4e3d8d5b,text,10.88375,I
60eee9b2a83c9d1e14de4788,text,41.45575,E
60eee9b2a83c9d1e14de4788,text,34.9945,E
60eee9b2a83c9d1e14de4788,text,14.57575,E
60eee9b2a83c9d1e14de4788,text,46.64025,E
60eee9b2a83c9d1e14de4788,text,21.09675,E
60eee9b2a83c9d1e14de4788,text,17.8915,E
60eee9b2a83c9d1e14de4788,text,15.03225,E
60eee9b2a83c9d1e14de4788,text,28.19325,E
60eee9b2a83c9d1e14de4788,text,7.456,E
60eee9b2a83c9d1e14de4788,text,7.32225,E
60eee9b2a83c9d1e14de4788,text,22.232,E
60eee9b2a83c9d1e14de4788,text,8.7215,E
60eee9b2a83c9d1e14de4788,text,8.99975,E
60eee9b2a83c9d1e14de4788,text,27.23625,E
60eee9b2a83c9d1e14de4788,text,13.7665,E
60eee9b2a83c9d1e14de4788,text,10.86125,E
60eee9b2a83c9d1e14de4788,text,17.41775,E
60eee9b2a83c9d1e14de4788,text,21.2595,E
60eee9b2a83c9d1e14de4788,text,8.97125,E
60eee9b2a83c9d1e14de4788,text,55.10725,E
6020206b9b158a5df011ff1f,text,94.735,I
6020206b9b158a5df011ff1f,text,88.70825,I
6020206b9b158a5df011ff1f,text,54.92375,I
6020206b9b158a5df011ff1f,text,75.98025,I
6020206b9b158a5df011ff1f,text,31.51775,I
6020206b9b158a5df011ff1f,text,25.69,I
6020206b9b158a5df011ff1f,text,28.59325,I
6020206b9b158a5df011ff1f,text,17.5685,I
6020206b9b158a5df011ff1f,text,12.12325,I
6020206b9b158a5df011ff1f,text,5.35125,I
6020206b9b158a5df011ff1f,text,7.35275,I
6020206b9b158a5df011ff1f,text,8.21625,I
6020206b9b158a5df011ff1f,text,6.12025,I
6020206b9b158a5df011ff1f,text,4.223,I
6020206b9b158a5df011ff1f,text,3.7965,I
6020206b9b158a5df011ff1f,text,10.7985,I
6020206b9b158a5df011ff1f,text,22.716,I
6020206b9b158a5df011ff1f,text,23.53125,I
6020206b9b158a5df011ff1f,text,12.91825,I
6020206b9b158a5df011ff1f,text,10.0645,I
6020206b9b158a5df011ff1f,text,15.52975,I
6020206b9b158a5df011ff1f,text,26.93675,I
615b26a3c79a404be3c4c35e,text,11.851,N
615b26a3c79a404be3c4c35e,text,10.479,N
615b26a3c79a404be3c4c35e,text,9.44175,N
615b26a3c79a404be3c4c35e,text,4.144,N
615b26a3c79a404be3c4c35e,text,10.8245,N
615b26a3c79a404be3c4c35e,text,4.89825,N
615b26a3c79a404be3c4c35e,text,8.41,N
615b26a3c79a404be3c4c35e,text,3.646,N
615b26a3c79a404be3c4c35e,text,3.8255,N
615b26a3c79a404be3c4c35e,text,10.433,N
615b26a3c79a404be3c4c35e,text,6.0915,N
615b26a3c79a404be3c4c35e,text,4.87075,N
615b26a3c79a404be3c4c35e,text,20.562,N
615b26a3c79a404be3c4c35e,text,3.627,N
615b26a3c79a404be3c4c35e,text,5.0535,N
615b26a3c79a404be3c4c35e,text,3.0195,N
615b26a3c79a404be3c4c35e,text,8.85325,N
615b26a3c79a404be3c4c35e,text,6.3535,N
60f958dea810a7a0cf3d14d9,text,46.36225,E
60f958dea810a7a0cf3d14d9,text,21.0185,E
60f958dea810a7a0cf3d14d9,text,18.5905,E
60f958dea810a7a0cf3d14d9,text,16.441,E
60f958dea810a7a0cf3d14d9,text,12.14,E
60f958dea810a7a0cf3d14d9,text,7.2915,E
60f958dea810a7a0cf3d14d9,text,29.41825,E
60f958dea810a7a0cf3d14d9,text,10.69625,E
60f958dea810a7a0cf3d14d9,text,11.292,E
60f958dea810a7a0cf3d14d9,text,6.492,E
60f958dea810a7a0cf3d14d9,text,8.843,E
60f958dea810a7a0cf3d14d9,text,11.49325,E
60f958dea810a7a0cf3d14d9,text,21.97775,E
60f958dea810a7a0cf3d14d9,text,18.99275,E
60f958dea810a7a0cf3d14d9,text,11.38075,E
60f958dea810a7a0cf3d14d9,text,171.7895,E
60f958dea810a7a0cf3d14d9,text,5.56825,E
60f958dea810a7a0cf3d14d9,text,8.393,E
6136aee758e3f41323d8c0c7,text,64.93525,I
6136aee758e3f41323d8c0c7,text,29.33275,I
6136aee758e3f41323d8c0c7,text,37.402,I
6136aee758e3f41323d8c0c7,text,29.5525,I
6136aee758e3f41323d8c0c7,text,17.841,I
6136aee758e3f41323d8c0c7,text,34.03475,I
6136aee758e3f41323d8c0c7,text,13.31025,I
6136aee758e3f41323d8c0c7,text,12.38625,I
6136aee758e3f41323d8c0c7,text,7.4185,I
6136aee758e3f41323d8c0c7,text,183.05125,I
6136aee758e3f41323d8c0c7,text,31.22225,I
6136aee758e3f41323d8c0c7,text,47.8515,I
6136aee758e3f41323d8c0c7,text,37.8475,I
6136aee758e3f41323d8c0c7,text,10.829,I
6136aee758e3f41323d8c0c7,text,24.0795,I
6136aee758e3f41323d8c0c7,text,6.12225,I
6136aee758e3f41323d8c0c7,text,10.748,I
6136aee758e3f41323d8c0c7,text,35.20525,I
6136aee758e3f41323d8c0c7,text,3.4555,I
6136aee758e3f41323d8c0c7,text,1.85425,I
6136aee758e3f41323d8c0c7,text,0.9045,I
6136aee758e3f41323d8c0c7,text,0.83225,I
6136aee758e3f41323d8c0c7,text,11.5245,I
6074de03363deb52b54eccf4,text,80.60725,N
6074de03363deb52b54eccf4,text,64.4645,N
6074de03363deb52b54eccf4,text,25.50675,N
6074de03363deb52b54eccf4,text,37.096,N
6074de03363deb52b54eccf4,text,20.81125,N
6074de03363deb52b54eccf4,text,17.55325,N
6074de03363deb52b54eccf4,text,84.82175,N
6074de03363deb52b54eccf4,text,17.9615,N
6074de03363deb52b54eccf4,text,23.9035,N
6074de03363deb52b54eccf4,text,11.95825,N
6074de03363deb52b54eccf4,text,9.04675,N
6074de03363deb52b54eccf4,text,11.3835,N
6074de03363deb52b54eccf4,text,37.12025,N
6074de03363deb52b54eccf4,text,19.90325,N
6074de03363deb52b54eccf4,text,15.363,N
6074de03363deb52b54eccf4,text,18.985,N
6074de03363deb52b54eccf4,text,13.136,N
6074de03363deb52b54eccf4,text,11.60925,N
5dcd5aa07e5deb02d76958d2,text,33.22725,N
5dcd5aa07e5deb02d76958d2,text,18.48525,N
5dcd5aa07e5deb02d76958d2,text,15.139,N
5dcd5aa07e5deb02d76958d2,text,13.343,N
5dcd5aa07e5deb02d76958d2,text,23.6415,N
5dcd5aa07e5deb02d76958d2,text,18.83475,N
5dcd5aa07e5deb02d76958d2,text,58.51725,N
5dcd5aa07e5deb02d76958d2,text,15.35125,N
5dcd5aa07e5deb02d76958d2,text,17.927,N
5dcd5aa07e5deb02d76958d2,text,22.6405,N
5dcd5aa07e5deb02d76958d2,text,4.63325,N
5dcd5aa07e5deb02d76958d2,text,8.84575,N
5dcd5aa07e5deb02d76958d2,text,7.0985,N
5dcd5aa07e5deb02d76958d2,text,15.226,N
5dcd5aa07e5deb02d76958d2,text,7.8045,N
5dcd5aa07e5deb02d76958d2,text,64.1135,N
5dcd5aa07e5deb02d76958d2,text,21.067,N
5dcd5aa07e5deb02d76958d2,text,38.92575,N
5dcd5aa07e5deb02d76958d2,text,17.048,N
5dcd5aa07e5deb02d76958d2,text,15.764,N
5dcd5aa07e5deb02d76958d2,text,31.682,N
5dcd5aa07e5deb02d76958d2,text,8.68975,N
595bd5c85ae9a80001ce3426,text,32.8765,I
595bd5c85ae9a80001ce3426,text,9.45325,I
595bd5c85ae9a80001ce3426,text,9.85225,I
595bd5c85ae9a80001ce3426,text,8.8545,I
595bd5c85ae9a80001ce3426,text,3.2625,I
595bd5c85ae9a80001ce3426,text,20.276,I
595bd5c85ae9a80001ce3426,text,21.05525,I
595bd5c85ae9a80001ce3426,text,5.535,I
595bd5c85ae9a80001ce3426,text,2.36675,I
595bd5c85ae9a80001ce3426,text,1.824,I
595bd5c85ae9a80001ce3426,text,2.57325,I
595bd5c85ae9a80001ce3426,text,2.33575,I
595bd5c85ae9a80001ce3426,text,3.674,I
595bd5c85ae9a80001ce3426,text,2.1535,I
595bd5c85ae9a80001ce3426,text,2.96975,I
595bd5c85ae9a80001ce3426,text,2.14075,I
595bd5c85ae9a80001ce3426,text,2.73125,I
595bd5c85ae9a80001ce3426,text,2.66025,I
5f64f12fc0570701c3bfbe7a,image,17.802,I
5f64f12fc0570701c3bfbe7a,image,7.91875,I
5f64f12fc0570701c3bfbe7a,image,7.4035,I
5f64f12fc0570701c3bfbe7a,image,71.83425,I
5f64f12fc0570701c3bfbe7a,image,18.1065,I
5f64f12fc0570701c3bfbe7a,image,9.8015,I
5f64f12fc0570701c3bfbe7a,image,16.67325,I
5f64f12fc0570701c3bfbe7a,image,4.39725,I
5f64f12fc0570701c3bfbe7a,image,5.42725,I
5f64f12fc0570701c3bfbe7a,image,12.5815,I
5f64f12fc0570701c3bfbe7a,image,6.331,I
5f64f12fc0570701c3bfbe7a,image,7.9225,I
5f64f12fc0570701c3bfbe7a,image,4.66725,I
5f64f12fc0570701c3bfbe7a,image,4.99925,I
5f64f12fc0570701c3bfbe7a,image,6.36325,I
5f64f12fc0570701c3bfbe7a,image,3.67575,I
5f64f12fc0570701c3bfbe7a,image,9.39325,I
5f64f12fc0570701c3bfbe7a,image,119.96675,I
5f64f12fc0570701c3bfbe7a,image,8.299,I
5f64f12fc0570701c3bfbe7a,image,6.86325,I
5f64f12fc0570701c3bfbe7a,image,7.2105,I
5f64f12fc0570701c3bfbe7a,image,5.01925,I
5f64f12fc0570701c3bfbe7a,image,5.7135,I
5f64f12fc0570701c3bfbe7a,image,11.5595,I
5f64f12fc0570701c3bfbe7a,image,5.20625,I
5f64f12fc0570701c3bfbe7a,image,5.09375,I
5f64f12fc0570701c3bfbe7a,image,6.64675,I
5f64f12fc0570701c3bfbe7a,image,7.09875,I
5f64f12fc0570701c3bfbe7a,image,5.83975,I
5f64f12fc0570701c3bfbe7a,image,6.8485,I
5f64f12fc0570701c3bfbe7a,image,5.048,I
5f64f12fc0570701c3bfbe7a,image,6.607,I
5f64f12fc0570701c3bfbe7a,image,7.191,I
602e757b94c5aea0de8a57ca,image,20.356,N
602e757b94c5aea0de8a57ca,image,16.3025,N
602e757b94c5aea0de8a57ca,image,52.00125,N
602e757b94c5aea0de8a57ca,image,9.14475,N
602e757b94c5aea0de8a57ca,image,11.699,N
602e757b94c5aea0de8a57ca,image,44.4535,N
602e757b94c5aea0de8a57ca,image,22.3305,N
602e757b94c5aea0de8a57ca,image,11.86725,N
602e757b94c5aea0de8a57ca,image,17.45125,N
602e757b94c5aea0de8a57ca,image,4.233,N
602e757b94c5aea0de8a57ca,image,2.7255,N
602e757b94c5aea0de8a57ca,image,4.4205,N
602e757b94c5aea0de8a57ca,image,5.21725,N
602e757b94c5aea0de8a57ca,image,3.5125,N
602e757b94c5aea0de8a57ca,image,2.9545,N
602e757b94c5aea0de8a57ca,image,3.66525,N
602e757b94c5aea0de8a57ca,image,3.77225,N
602e757b94c5aea0de8a57ca,image,3.53375,N
60d96d582f946a04161d162d,image,14.02075,I
60d96d582f946a04161d162d,image,10.78175,I
60d96d582f946a04161d162d,image,8.22675,I
60d96d582f946a04161d162d,image,4.933,I
60d96d582f946a04161d162d,image,9.58525,I
60d96d582f946a04161d162d,image,14.6755,I
60d96d582f946a04161d162d,image,9.31875,I
60d96d582f946a04161d162d,image,11.57075,I
60d96d582f946a04161d162d,image,3.4855,I
60d96d582f946a04161d162d,image,8.735,I
60d96d582f946a04161d162d,image,4.93375,I
60d96d582f946a04161d162d,image,7.18075,I
60d96d582f946a04161d162d,image,5.833,I
60d96d582f946a04161d162d,image,3.6665,I
60d96d582f946a04161d162d,image,5.32275,I
60d96d582f946a04161d162d,image,3.68875,I
60d96d582f946a04161d162d,image,3.914,I
60d96d582f946a04161d162d,image,5.09425,I
60d96d582f946a04161d162d,image,6.25225,I
60d96d582f946a04161d162d,image,7.08,I
60d96d582f946a04161d162d,image,7.62225,I
60a57ec89138a40a4a5acc63,image,6.24175,E
60a57ec89138a40a4a5acc63,image,12.271,E
60a57ec89138a40a4a5acc63,image,2.2725,E
60a57ec89138a40a4a5acc63,image,2.5365,E
60a57ec89138a40a4a5acc63,image,3.254,E
60a57ec89138a40a4a5acc63,image,3.876,E
60a57ec89138a40a4a5acc63,image,2.80925,E
60a57ec89138a40a4a5acc63,image,2.608,E
60a57ec89138a40a4a5acc63,image,2.69825,E
60a57ec89138a40a4a5acc63,image,8.827,E
60a57ec89138a40a4a5acc63,image,5.3805,E
60a57ec89138a40a4a5acc63,image,3.91525,E
60a57ec89138a40a4a5acc63,image,1.797,E
60a57ec89138a40a4a5acc63,image,2.53225,E
60a57ec89138a40a4a5acc63,image,12.1485,E
60a57ec89138a40a4a5acc63,image,3.09825,E
60a57ec89138a40a4a5acc63,image,2.203,E
60a57ec89138a40a4a5acc63,image,1.95525,E
60a57ec89138a40a4a5acc63,image,1.75025,E
60a57ec89138a40a4a5acc63,image,2.48125,E
60a57ec89138a40a4a5acc63,image,3.083,E
60a57ec89138a40a4a5acc63,image,2.175,E
60a57ec89138a40a4a5acc63,image,2.014,E
60a57ec89138a40a4a5acc63,image,2.176,E
60a57ec89138a40a4a5acc63,image,4.64725,E
60a57ec89138a40a4a5acc63,image,4.43625,E
60a57ec89138a40a4a5acc63,image,2.05275,E
60a57ec89138a40a4a5acc63,image,3.27275,E
60a57ec89138a40a4a5acc63,image,2.57475,E
60a57ec89138a40a4a5acc63,image,2.2385,E
60a57ec89138a40a4a5acc63,image,1.845,E
60a57ec89138a40a4a5acc63,image,2.03225,E
60a57ec89138a40a4a5acc63,image,1.78525,E
60a57ec89138a40a4a5acc63,image,2.11875,E
60a57ec89138a40a4a5acc63,image,3.3205,E
60a57ec89138a40a4a5acc63,image,3.087,E
60a57ec89138a40a4a5acc63,image,4.42375,E
60a57ec89138a40a4a5acc63,image,3.2605,E
60a57ec89138a40a4a5acc63,image,2.27775,E
60a57ec89138a40a4a5acc63,image,2.3275,E
60a57ec89138a40a4a5acc63,image,2.79375,E
60a57ec89138a40a4a5acc63,image,1.56125,E
60a57ec89138a40a4a5acc63,image,2.601,E
60a57ec89138a40a4a5acc63,image,2.317,E
60a57ec89138a40a4a5acc63,image,2.43725,E
60a57ec89138a40a4a5acc63,image,1.78325,E
60a57ec89138a40a4a5acc63,image,1.24925,E
60a57ec89138a40a4a5acc63,image,1.5295,E
60a57ec89138a40a4a5acc63,image,1.79125,E
60a57ec89138a40a4a5acc63,image,1.9425,E
60a57ec89138a40a4a5acc63,image,2.21225,E
60a57ec89138a40a4a5acc63,image,1.90125,E
60a57ec89138a40a4a5acc63,image,2.047,E
60a57ec89138a40a4a5acc63,image,1.964,E
60a57ec89138a40a4a5acc63,image,2.50275,E
60a57ec89138a40a4a5acc63,image,4.3535,E
60a57ec89138a40a4a5acc63,image,2.6285,E
60a57ec89138a40a4a5acc63,image,1.73575,E
60a57ec89138a40a4a5acc63,image,1.95675,E
60a57ec89138a40a4a5acc63,image,2.15525,E
60a256f83ef6ada5debc47a9,image,13.1475,N
60a256f83ef6ada5debc47a9,image,9.232,N
60a256f83ef6ada5debc47a9,image,8.09575,N
60a256f83ef6ada5debc47a9,image,3.11275,N
60a256f83ef6ada5debc47a9,image,9.6085,N
60a256f83ef6ada5debc47a9,image,3.172,N
60a256f83ef6ada5debc47a9,image,4.6515,N
60a256f83ef6ada5debc47a9,image,6.27575,N
60a256f83ef6ada5debc47a9,image,2.95625,N
60a256f83ef6ada5debc47a9,image,3.16,N
60a256f83ef6ada5debc47a9,image,4.873,N
60a256f83ef6ada5debc47a9,image,7.12375,N
60a256f83ef6ada5debc47a9,image,4.021,N
60a256f83ef6ada5debc47a9,image,3.255,N
60a256f83ef6ada5debc47a9,image,6.3305,N
60a256f83ef6ada5debc47a9,image,7.73875,N
60a256f83ef6ada5debc47a9,image,2.66875,N
60a256f83ef6ada5debc47a9,image,9.13625,N
60a256f83ef6ada5debc47a9,image,5.26425,N
60a256f83ef6ada5debc47a9,image,1.56175,N
60a256f83ef6ada5debc47a9,image,1.762,N
5f82e997eec0860404c8f790,image,9.849,N
5f82e997eec0860404c8f790,image,4.03175,N
5f82e997eec0860404c8f790,image,6.574,N
5f82e997eec0860404c8f790,image,20.95975,N
5f82e997eec0860404c8f790,image,4.41825,N
5f82e997eec0860404c8f790,image,3.22125,N
5f82e997eec0860404c8f790,image,5.10675,N
5f82e997eec0860404c8f790,image,3.89725,N
5f82e997eec0860404c8f790,image,3.8695,N
5f82e997eec0860404c8f790,image,4.55875,N
5f82e997eec0860404c8f790,image,4.347,N
5f82e997eec0860404c8f790,image,3.664,N
5f82e997eec0860404c8f790,image,5.8925,N
5f82e997eec0860404c8f790,image,3.6065,N
5f82e997eec0860404c8f790,image,3.29725,N
5f82e997eec0860404c8f790,image,2.91425,N
5f82e997eec0860404c8f790,image,19.7635,N
5f82e997eec0860404c8f790,image,6.92225,N
5f82e997eec0860404c8f790,image,3.44925,N
5f82e997eec0860404c8f790,image,3.8405,N
6166c8527a09b5122fcea989,image,22.226,E
6166c8527a09b5122fcea989,image,12.2785,E
6166c8527a09b5122fcea989,image,11.7695,E
6166c8527a09b5122fcea989,image,26.844,E
6166c8527a09b5122fcea989,image,11.7105,E
6166c8527a09b5122fcea989,image,12.961,E
6166c8527a09b5122fcea989,image,8.441,E
6166c8527a09b5122fcea989,image,8.6975,E
6166c8527a09b5122fcea989,image,5.739,E
6166c8527a09b5122fcea989,image,7.99275,E
6166c8527a09b5122fcea989,image,5.33975,E
6166c8527a09b5122fcea989,image,7.65325,E
6166c8527a09b5122fcea989,image,5.6115,E
6166c8527a09b5122fcea989,image,6.4525,E
6166c8527a09b5122fcea989,image,6.91,E
6166c8527a09b5122fcea989,image,6.18225,E
6166c8527a09b5122fcea989,image,11.40825,E
6166c8527a09b5122fcea989,image,4.872,E
6166c8527a09b5122fcea989,image,5.783,E
6166c8527a09b5122fcea989,image,5.2915,E
6166c8527a09b5122fcea989,image,5.022,E
6166c8527a09b5122fcea989,image,3.982,E
6166c8527a09b5122fcea989,image,4.23325,E
6166c8527a09b5122fcea989,image,9.8865,E
6166c8527a09b5122fcea989,image,4.59575,E
6166c8527a09b5122fcea989,image,6.435,E
6166c8527a09b5122fcea989,image,5.763,E
6166c8527a09b5122fcea989,image,7.27825,E
6166c8527a09b5122fcea989,image,5.23725,E
6166c8527a09b5122fcea989,image,5.9745,E
6166c8527a09b5122fcea989,image,6.20575,E
5ef0a7a320e4520009b3af18,image,11.86725,I
5ef0a7a320e4520009b3af18,image,7.77925,I
5ef0a7a320e4520009b3af18,image,6.237,I
5ef0a7a320e4520009b3af18,image,5.9145,I
5ef0a7a320e4520009b3af18,image,5.24225,I
5ef0a7a320e4520009b3af18,image,5.76275,I
5ef0a7a320e4520009b3af18,image,5.69025,I
5ef0a7a320e4520009b3af18,image,10.82375,I
5ef0a7a320e4520009b3af18,image,5.20175,I
5ef0a7a320e4520009b3af18,image,5.081,I
5ef0a7a320e4520009b3af18,image,4.60975,I
5ef0a7a320e4520009b3af18,image,6.24475,I
5ef0a7a320e4520009b3af18,image,5.714,I
5ef0a7a320e4520009b3af18,image,7.4585,I
5ef0a7a320e4520009b3af18,image,6.33925,I
5ef0a7a320e4520009b3af18,image,2.4195,I
5ef0a7a320e4520009b3af18,image,4.86975,I
5ef0a7a320e4520009b3af18,image,4.0195,I
5ef0a7a320e4520009b3af18,image,5.079,I
59cbec4f0aaf750001213f9c,image,52.63675,E
59cbec4f0aaf750001213f9c,image,6.08025,E
59cbec4f0aaf750001213f9c,image,7.75425,E
59cbec4f0aaf750001213f9c,image,4.11125,E
59cbec4f0aaf750001213f9c,image,9.192,E
59cbec4f0aaf750001213f9c,image,23.75525,E
59cbec4f0aaf750001213f9c,image,8.847,E
59cbec4f0aaf750001213f9c,image,8.1055,E
59cbec4f0aaf750001213f9c,image,12.469,E
59cbec4f0aaf750001213f9c,image,14.77225,E
59cbec4f0aaf750001213f9c,image,3.39725,E
59cbec4f0aaf750001213f9c,image,9.72225,E
59cbec4f0aaf750001213f9c,image,10.05125,E
59cbec4f0aaf750001213f9c,image,6.82125,E
59cbec4f0aaf750001213f9c,image,6.12625,E
59cbec4f0aaf750001213f9c,image,3.7425,E
59cbec4f0aaf750001213f9c,image,4.30675,E
59cbec4f0aaf750001213f9c,image,4.101,E
59cbec4f0aaf750001213f9c,image,8.38325,E
59cbec4f0aaf750001213f9c,image,6.8845,E
59cbec4f0aaf750001213f9c,image,3.82225,E
59cbec4f0aaf750001213f9c,image,4.693,E
59cbec4f0aaf750001213f9c,image,6.32075,E
59cbec4f0aaf750001213f9c,image,3.9345,E
6093c19a7a851064a7684f66,image,22.581,I
6093c19a7a851064a7684f66,image,4.292,I
6093c19a7a851064a7684f66,image,6.4925,I
6093c19a7a851064a7684f66,image,5.86575,I
6093c19a7a851064a7684f66,image,17.414,I
6093c19a7a851064a7684f66,image,6.9215,I
6093c19a7a851064a7684f66,image,8.253,I
6093c19a7a851064a7684f66,image,3.237,I
6093c19a7a851064a7684f66,image,4.261,I
6093c19a7a851064a7684f66,image,4.42225,I
6093c19a7a851064a7684f66,image,3.17225,I
6093c19a7a851064a7684f66,image,2.33275,I
6093c19a7a851064a7684f66,image,5.796,I
6093c19a7a851064a7684f66,image,2.5065,I
6093c19a7a851064a7684f66,image,25.0095,I
6093c19a7a851064a7684f66,image,39.152,I
6093c19a7a851064a7684f66,image,2.7225,I
6093c19a7a851064a7684f66,image,2.74825,I
6093c19a7a851064a7684f66,image,7.7615,I
6093c19a7a851064a7684f66,image,4.2475,I
5c73a8b843afac0001428e6a,image,15.8605,E
5c73a8b843afac0001428e6a,image,6.92175,E
5c73a8b843afac0001428e6a,image,5.17375,E
5c73a8b843afac0001428e6a,image,3.77575,E
5c73a8b843afac0001428e6a,image,4.91075,E
5c73a8b843afac0001428e6a,image,6.8765,E
5c73a8b843afac0001428e6a,image,4.38425,E
5c73a8b843afac0001428e6a,image,272.2455,E
5c73a8b843afac0001428e6a,image,4.90125,E
5c73a8b843afac0001428e6a,image,2.842,E
5c73a8b843afac0001428e6a,image,4.08025,E
5c73a8b843afac0001428e6a,image,4.0135,E
5c73a8b843afac0001428e6a,image,4.04,E
5c73a8b843afac0001428e6a,image,3.40725,E
5c73a8b843afac0001428e6a,image,3.613,E
5c73a8b843afac0001428e6a,image,3.28475,E
5c73a8b843afac0001428e6a,image,4.33175,E
5c73a8b843afac0001428e6a,image,4.666,E
5c73a8b843afac0001428e6a,image,4.27075,E
5c73a8b843afac0001428e6a,image,4.89675,E
5c73a8b843afac0001428e6a,image,3.7535,E
5c73a8b843afac0001428e6a,image,4.67625,E
5c73a8b843afac0001428e6a,image,3.97825,E
5c73a8b843afac0001428e6a,image,4.17025,E
5c73a8b843afac0001428e6a,image,4.19075,E
5c73a8b843afac0001428e6a,image,4.237,E
5c73a8b843afac0001428e6a,image,3.6545,E
5c73a8b843afac0001428e6a,image,3.0865,E
5c73a8b843afac0001428e6a,image,2.67225,E
5c73a8b843afac0001428e6a,image,4.8635,E
5c73a8b843afac0001428e6a,image,3.8185,E
5c73a8b843afac0001428e6a,image,4.3715,E
5c73a8b843afac0001428e6a,image,4.6845,E
5c73a8b843afac0001428e6a,image,2.52475,E
5c73a8b843afac0001428e6a,image,3.146,E
5c73a8b843afac0001428e6a,image,2.85425,E
5c73a8b843afac0001428e6a,image,5.28975,E
5c73a8b843afac0001428e6a,image,4.701,E
5c73a8b843afac0001428e6a,image,3.57625,E
5c73a8b843afac0001428e6a,image,4.5025,E
5c73a8b843afac0001428e6a,image,3.522,E
5c73a8b843afac0001428e6a,image,4.33025,E
5c73a8b843afac0001428e6a,image,4.502,E
5c73a8b843afac0001428e6a,image,4.5485,E
5c73a8b843afac0001428e6a,image,5.97725,E
5c73a8b843afac0001428e6a,image,5.1945,E
5c73a8b843afac0001428e6a,image,3.97925,E
5c73a8b843afac0001428e6a,image,3.11375,E
5c73a8b843afac0001428e6a,image,2.96375,E
5c73a8b843afac0001428e6a,image,5.068,E
5c73a8b843afac0001428e6a,image,4.0265,E
5c73a8b843afac0001428e6a,image,4.009,E
5c73a8b843afac0001428e6a,image,2.22,E
5c73a8b843afac0001428e6a,image,3.8705,E
5c73a8b843afac0001428e6a,image,3.7265,E
5c73a8b843afac0001428e6a,image,3.65475,E
5c73a8b843afac0001428e6a,image,6.19825,E
5c73a8b843afac0001428e6a,image,2.84725,E
5c73a8b843afac0001428e6a,image,3.248,E
5c73a8b843afac0001428e6a,image,2.677,E
5c6d938c79151c00017c7560,image,6.6935,E
5c6d938c79151c00017c7560,image,11.48725,E
5c6d938c79151c00017c7560,image,7.50075,E
5c6d938c79151c00017c7560,image,28.61025,E
5c6d938c79151c00017c7560,image,9.685,E
5c6d938c79151c00017c7560,image,3.103,E
5c6d938c79151c00017c7560,image,5.24225,E
5c6d938c79151c00017c7560,image,5.3145,E
5c6d938c79151c00017c7560,image,2.9095,E
5c6d938c79151c00017c7560,image,3.62425,E
5c6d938c79151c00017c7560,image,3.797,E
5c6d938c79151c00017c7560,image,5.85675,E
5c6d938c79151c00017c7560,image,3.97375,E
5c6d938c79151c00017c7560,image,3.7935,E
5c6d938c79151c00017c7560,image,2.61175,E
5c6d938c79151c00017c7560,image,3.8825,E
5c6d938c79151c00017c7560,image,5.95725,E
5c6d938c79151c00017c7560,image,3.0605,E
5c6d938c79151c00017c7560,image,2.4745,E
5c6d938c79151c00017c7560,image,4.56725,E
5c6d938c79151c00017c7560,image,5.67875,E
5c6d938c79151c00017c7560,image,3.1655,E
5c6d938c79151c00017c7560,image,7.154,E
5c6d938c79151c00017c7560,image,2.8775,E
5c6d938c79151c00017c7560,image,7.21275,E
5c6d938c79151c00017c7560,image,7.27725,E
5c6d938c79151c00017c7560,image,3.85225,E
5c6d938c79151c00017c7560,image,4.535,E
5c6d938c79151c00017c7560,image,2.96525,E
5c6d938c79151c00017c7560,image,3.69025,E
5c6d938c79151c00017c7560,image,2.82675,E
612c95f4a142b9dc63cc45a0,image,14.33275,I
612c95f4a142b9dc63cc45a0,image,16.65725,I
612c95f4a142b9dc63cc45a0,image,6.6465,I
612c95f4a142b9dc63cc45a0,image,8.901,I
612c95f4a142b9dc63cc45a0,image,6.03875,I
612c95f4a142b9dc63cc45a0,image,6.44775,I
612c95f4a142b9dc63cc45a0,image,7.826,I
612c95f4a142b9dc63cc45a0,image,3.26775,I
612c95f4a142b9dc63cc45a0,image,10.7865,I
612c95f4a142b9dc63cc45a0,image,4.04275,I
612c95f4a142b9dc63cc45a0,image,5.6015,I
612c95f4a142b9dc63cc45a0,image,9.188,I
612c95f4a142b9dc63cc45a0,image,5.69,I
612c95f4a142b9dc63cc45a0,image,174.44,I
612c95f4a142b9dc63cc45a0,image,5.43875,I
612c95f4a142b9dc63cc45a0,image,4.3895,I
612c95f4a142b9dc63cc45a0,image,4.105,I
612c95f4a142b9dc63cc45a0,image,5.1865,I
612c95f4a142b9dc63cc45a0,image,4.65625,I
612c95f4a142b9dc63cc45a0,image,16.93825,I
612c95f4a142b9dc63cc45a0,image,8.75775,I
612c95f4a142b9dc63cc45a0,image,7.874,I
612c95f4a142b9dc63cc45a0,image,22.0385,I
612c95f4a142b9dc63cc45a0,image,21.33525,I
612c95f4a142b9dc63cc45a0,image,5.22125,I
6109d60c4aae2cc46ce9aaf7,image,10.27925,E
6109d60c4aae2cc46ce9aaf7,image,5.6505,E
6109d60c4aae2cc46ce9aaf7,image,10.77125,E
6109d60c4aae2cc46ce9aaf7,image,5.02275,E
6109d60c4aae2cc46ce9aaf7,image,10.56025,E
6109d60c4aae2cc46ce9aaf7,image,18.44,E
6109d60c4aae2cc46ce9aaf7,image,5.039,E
6109d60c4aae2cc46ce9aaf7,image,3.9695,E
6109d60c4aae2cc46ce9aaf7,image,7.735,E
6109d60c4aae2cc46ce9aaf7,image,4.32325,E
6109d60c4aae2cc46ce9aaf7,image,4.60625,E
6109d60c4aae2cc46ce9aaf7,image,4.037,E
6109d60c4aae2cc46ce9aaf7,image,5.29625,E
6109d60c4aae2cc46ce9aaf7,image,3.76425,E
6109d60c4aae2cc46ce9aaf7,image,4.3815,E
6109d60c4aae2cc46ce9aaf7,image,6.221,E
6109d60c4aae2cc46ce9aaf7,image,5.681,E
6109d60c4aae2cc46ce9aaf7,image,2.19225,E
6109d60c4aae2cc46ce9aaf7,image,7.9065,E
6109d60c4aae2cc46ce9aaf7,image,5.90575,E
6109d60c4aae2cc46ce9aaf7,image,4.20675,E
6109d60c4aae2cc46ce9aaf7,image,3.6905,E
60d102d6cb41f508b8174aa6,image,15.01275,N
60d102d6cb41f508b8174aa6,image,11.79175,N
60d102d6cb41f508b8174aa6,image,6.6035,N
60d102d6cb41f508b8174aa6,image,6.2665,N
60d102d6cb41f508b8174aa6,image,8.94,N
60d102d6cb41f508b8174aa6,image,11.68625,N
60d102d6cb41f508b8174aa6,image,15.70825,N
60d102d6cb41f508b8174aa6,image,5.85775,N
60d102d6cb41f508b8174aa6,image,4.58625,N
60d102d6cb41f508b8174aa6,image,6.853,N
60d102d6cb41f508b8174aa6,image,4.31475,N
60d102d6cb41f508b8174aa6,image,5.20825,N
60d102d6cb41f508b8174aa6,image,4.08625,N
60d102d6cb41f508b8174aa6,image,4.64225,N
60d102d6cb41f508b8174aa6,image,7.66375,N
60d102d6cb41f508b8174aa6,image,5.9845,N
60d102d6cb41f508b8174aa6,image,3.4675,N
60d102d6cb41f508b8174aa6,image,3.06725,N
60d102d6cb41f508b8174aa6,image,5.406,N
60d102d6cb41f508b8174aa6,image,2.55425,N
6150c67f0ff4d92f7621a1b3,image,21.30125,N
6150c67f0ff4d92f7621a1b3,image,23.79825,N
6150c67f0ff4d92f7621a1b3,image,15.58525,N
6150c67f0ff4d92f7621a1b3,image,14.21975,N
6150c67f0ff4d92f7621a1b3,image,13.5255,N
6150c67f0ff4d92f7621a1b3,image,14.25425,N
6150c67f0ff4d92f7621a1b3,image,13.11025,N
6150c67f0ff4d92f7621a1b3,image,10.60025,N
6150c67f0ff4d92f7621a1b3,image,6.76575,N
6150c67f0ff4d92f7621a1b3,image,5.7365,N
6150c67f0ff4d92f7621a1b3,image,5.1335,N
6150c67f0ff4d92f7621a1b3,image,7.282,N
6150c67f0ff4d92f7621a1b3,image,8.85425,N
6150c67f0ff4d92f7621a1b3,image,7.97875,N
6150c67f0ff4d92f7621a1b3,image,5.4785,N
6150c67f0ff4d92f7621a1b3,image,6.3085,N
6150c67f0ff4d92f7621a1b3,image,9.5405,N
6150c67f0ff4d92f7621a1b3,image,6.2545,N
60db1aa26a738eacd0a5e22f,image,15.96925,N
60db1aa26a738eacd0a5e22f,image,6.54875,N
60db1aa26a738eacd0a5e22f,image,3.86825,N
60db1aa26a738eacd0a5e22f,image,4.30325,N
60db1aa26a738eacd0a5e22f,image,9.44875,N
60db1aa26a738eacd0a5e22f,image,5.884,N
60db1aa26a738eacd0a5e22f,image,2.4105,N
60db1aa26a738eacd0a5e22f,image,3.89375,N
60db1aa26a738eacd0a5e22f,image,3.0355,N
60db1aa26a738eacd0a5e22f,image,1.79875,N
60db1aa26a738eacd0a5e22f,image,2.05525,N
60db1aa26a738eacd0a5e22f,image,6.0675,N
60db1aa26a738eacd0a5e22f,image,3.271,N
60db1aa26a738eacd0a5e22f,image,3.43025,N
60db1aa26a738eacd0a5e22f,image,2.774,N
60db1aa26a738eacd0a5e22f,image,1.68525,N
60db1aa26a738eacd0a5e22f,image,1.58125,N
60db1aa26a738eacd0a5e22f,image,1.7345,N
60db1aa26a738eacd0a5e22f,image,1.51825,N
60db1aa26a738eacd0a5e22f,image,3.09675,N
60db1aa26a738eacd0a5e22f,image,5.4915,N
60db1aa26a738eacd0a5e22f,image,7.878,N
60db1aa26a738eacd0a5e22f,image,3.0505,N
60db1aa26a738eacd0a5e22f,image,3.50325,N
60db1aa26a738eacd0a5e22f,image,2.767,N
60db1aa26a738eacd0a5e22f,image,3.7435,N
60db1aa26a738eacd0a5e22f,image,3.62775,N
60db1aa26a738eacd0a5e22f,image,2.6245,N
60db1aa26a738eacd0a5e22f,image,3.31025,N
60db1aa26a738eacd0a5e22f,image,3.15325,N
60db1aa26a738eacd0a5e22f,image,3.872,N
60db1aa26a738eacd0a5e22f,image,2.3525,N
60db1aa26a738eacd0a5e22f,image,4.41725,N
60db1aa26a738eacd0a5e22f,image,3.317,N
60db1aa26a738eacd0a5e22f,image,1.872,N
60db1aa26a738eacd0a5e22f,image,2.1835,N
60db1aa26a738eacd0a5e22f,image,3.35775,N
60db1aa26a738eacd0a5e22f,image,2.64625,N
60db1aa26a738eacd0a5e22f,image,2.6575,N
60db1aa26a738eacd0a5e22f,image,4.1595,N
60db1aa26a738eacd0a5e22f,image,7.607,N
60db1aa26a738eacd0a5e22f,image,3.1135,N
60db1aa26a738eacd0a5e22f,image,1.773,N
60db1aa26a738eacd0a5e22f,image,3.2095,N
60db1aa26a738eacd0a5e22f,image,9.3615,N
60db1aa26a738eacd0a5e22f,image,3.03775,N
60db1aa26a738eacd0a5e22f,image,3.321,N
60db1aa26a738eacd0a5e22f,image,4.01375,N
60db1aa26a738eacd0a5e22f,image,2.822,N
60db1aa26a738eacd0a5e22f,image,3.219,N
60db1aa26a738eacd0a5e22f,image,2.3925,N
60db1aa26a738eacd0a5e22f,image,3.5555,N
60db1aa26a738eacd0a5e22f,image,3.56275,N
60db1aa26a738eacd0a5e22f,image,3.22125,N
60db1aa26a738eacd0a5e22f,image,3.3995,N
60db1aa26a738eacd0a5e22f,image,2.149,N
60db1aa26a738eacd0a5e22f,image,3.4035,N
60db1aa26a738eacd0a5e22f,image,1.831,N
60db1aa26a738eacd0a5e22f,image,1.97625,N
60db1aa26a738eacd0a5e22f,image,2.051,N
6133586c82c52424d8d5ed6a,image,30.88275,N
6133586c82c52424d8d5ed6a,image,8.02125,N
6133586c82c52424d8d5ed6a,image,9.397,N
6133586c82c52424d8d5ed6a,image,6.47225,N
6133586c82c52424d8d5ed6a,image,11.97375,N
6133586c82c52424d8d5ed6a,image,8.80675,N
6133586c82c52424d8d5ed6a,image,7.88625,N
6133586c82c52424d8d5ed6a,image,4.23,N
6133586c82c52424d8d5ed6a,image,6.23175,N
6133586c82c52424d8d5ed6a,image,7.5925,N
6133586c82c52424d8d5ed6a,image,7.782,N
6133586c82c52424d8d5ed6a,image,3.98925,N
6133586c82c52424d8d5ed6a,image,7.724,N
6133586c82c52424d8d5ed6a,image,6.5435,N
6133586c82c52424d8d5ed6a,image,6.917,N
6133586c82c52424d8d5ed6a,image,6.64325,N
6133586c82c52424d8d5ed6a,image,6.64225,N
6133586c82c52424d8d5ed6a,image,6.895,N
5a0faf7a120fb3000194961d,image,28.115,I
5a0faf7a120fb3000194961d,image,29.49225,I
5a0faf7a120fb3000194961d,image,29.8125,I
5a0faf7a120fb3000194961d,image,17.07575,I
5a0faf7a120fb3000194961d,image,17.05125,I
5a0faf7a120fb3000194961d,image,6.8495,I
5a0faf7a120fb3000194961d,image,27.52,I
5a0faf7a120fb3000194961d,image,4.87575,I
5a0faf7a120fb3000194961d,image,14.747,I
5a0faf7a120fb3000194961d,image,6.71375,I
5a0faf7a120fb3000194961d,image,18.684,I
5a0faf7a120fb3000194961d,image,14.49675,I
5a0faf7a120fb3000194961d,image,3.622,I
5a0faf7a120fb3000194961d,image,12.49275,I
5a0faf7a120fb3000194961d,image,4.65175,I
5a0faf7a120fb3000194961d,image,3.90575,I
5a0faf7a120fb3000194961d,image,15.029,I
5a0faf7a120fb3000194961d,image,4.64275,I
5a0faf7a120fb3000194961d,image,5.731,I
5a0faf7a120fb3000194961d,image,3.78175,I
5a0faf7a120fb3000194961d,image,8.62725,I
5a0faf7a120fb3000194961d,image,3.61425,I
5a0faf7a120fb3000194961d,image,25.18,I
5a0faf7a120fb3000194961d,image,6.1175,I
5a0faf7a120fb3000194961d,image,10.06425,I
5a0faf7a120fb3000194961d,image,48.96525,I
5a0faf7a120fb3000194961d,image,3.91825,I
5a0faf7a120fb3000194961d,image,5.49325,I
5a0faf7a120fb3000194961d,image,5.35575,I
5a0faf7a120fb3000194961d,image,3.80075,I
5a0faf7a120fb3000194961d,image,4.9055,I
5a0faf7a120fb3000194961d,image,3.31,I
5a0faf7a120fb3000194961d,image,4.38875,I
5a0faf7a120fb3000194961d,image,3.672,I
6166d663ad32ab706018e2e3,image,11.6025,I
6166d663ad32ab706018e2e3,image,5.62525,I
6166d663ad32ab706018e2e3,image,5.752,I
6166d663ad32ab706018e2e3,image,3.181,I
6166d663ad32ab706018e2e3,image,9.66325,I
6166d663ad32ab706018e2e3,image,7.6245,I
6166d663ad32ab706018e2e3,image,4.359,I
6166d663ad32ab706018e2e3,image,3.687,I
6166d663ad32ab706018e2e3,image,3.881,I
6166d663ad32ab706018e2e3,image,3.23525,I
6166d663ad32ab706018e2e3,image,11.12475,I
6166d663ad32ab706018e2e3,image,3.69425,I
6166d663ad32ab706018e2e3,image,2.49225,I
6166d663ad32ab706018e2e3,image,4.4295,I
6166d663ad32ab706018e2e3,image,4.0105,I
6166d663ad32ab706018e2e3,image,3.04225,I
6166d663ad32ab706018e2e3,image,3.40575,I
6166d663ad32ab706018e2e3,image,5.354,I
5eb17f5f5b4ec12749a65a24,mesh,49.3255,N
5eb17f5f5b4ec12749a65a24,mesh,76.4235,N
5eb17f5f5b4ec12749a65a24,mesh,16.8135,N
5eb17f5f5b4ec12749a65a24,mesh,107.17475,N
5eb17f5f5b4ec12749a65a24,mesh,63.16575,N
5eb17f5f5b4ec12749a65a24,mesh,35.366,N
5eb17f5f5b4ec12749a65a24,mesh,79.601,N
5eb17f5f5b4ec12749a65a24,mesh,15.167,N
5eb17f5f5b4ec12749a65a24,mesh,8.5585,N
5eb17f5f5b4ec12749a65a24,mesh,9.53375,N
5eb17f5f5b4ec12749a65a24,mesh,8.75925,N
5eb17f5f5b4ec12749a65a24,mesh,14.94175,N
5eb17f5f5b4ec12749a65a24,mesh,15.36075,N
5eb17f5f5b4ec12749a65a24,mesh,10.7125,N
5eb17f5f5b4ec12749a65a24,mesh,16.43975,N
5eb17f5f5b4ec12749a65a24,mesh,26.67975,N
5eb17f5f5b4ec12749a65a24,mesh,37.1645,N
5eb17f5f5b4ec12749a65a24,mesh,59.86075,N
5eb17f5f5b4ec12749a65a24,mesh,56.4035,N
5eb17f5f5b4ec12749a65a24,mesh,29.622,N
5e767f6c99df851e0e93c629,mesh,13.69925,E
5e767f6c99df851e0e93c629,mesh,10.5655,E
5e767f6c99df851e0e93c629,mesh,10.96575,E
5e767f6c99df851e0e93c629,mesh,11.108,E
5e767f6c99df851e0e93c629,mesh,9.5075,E
5e767f6c99df851e0e93c629,mesh,8.88225,E
5e767f6c99df851e0e93c629,mesh,12.15775,E
5e767f6c99df851e0e93c629,mesh,7.9935,E
5e767f6c99df851e0e93c629,mesh,9.86475,E
5e767f6c99df851e0e93c629,mesh,17.9995,E
5e767f6c99df851e0e93c629,mesh,5.416,E
5e767f6c99df851e0e93c629,mesh,10.15375,E
5e767f6c99df851e0e93c629,mesh,6.83175,E
5e767f6c99df851e0e93c629,mesh,19.939,E
5e767f6c99df851e0e93c629,mesh,11.38775,E
5e767f6c99df851e0e93c629,mesh,12.6035,E
5e767f6c99df851e0e93c629,mesh,9.9665,E
5e767f6c99df851e0e93c629,mesh,7.311,E
5e767f6c99df851e0e93c629,mesh,53.74925,E
5e767f6c99df851e0e93c629,mesh,6.57825,E
602ad4a0805527185ca10247,mesh,24.879,I
602ad4a0805527185ca10247,mesh,53.2225,I
602ad4a0805527185ca10247,mesh,6.03675,I
602ad4a0805527185ca10247,mesh,16.89025,I
602ad4a0805527185ca10247,mesh,28.446,I
602ad4a0805527185ca10247,mesh,5.45375,I
602ad4a0805527185ca10247,mesh,3.14125,I
602ad4a0805527185ca10247,mesh,8.13325,I
602ad4a0805527185ca10247,mesh,3.78325,I
602ad4a0805527185ca10247,mesh,4.94975,I
602ad4a0805527185ca10247,mesh,2.7855,I
602ad4a0805527185ca10247,mesh,14.98275,I
602ad4a0805527185ca10247,mesh,5.13275,I
602ad4a0805527185ca10247,mesh,11.58425,I
602ad4a0805527185ca10247,mesh,5.44175,I
602ad4a0805527185ca10247,mesh,4.17925,I
602ad4a0805527185ca10247,mesh,7.2995,I
602ad4a0805527185ca10247,mesh,3.0255,I
602ad4a0805527185ca10247,mesh,8.97075,I
602ad4a0805527185ca10247,mesh,10.31625,I
602ad4a0805527185ca10247,mesh,8.34525,I
602ad4a0805527185ca10247,mesh,5.62775,I
602ad4a0805527185ca10247,mesh,4.4665,I
602ad4a0805527185ca10247,mesh,3.48675,I
602ad4a0805527185ca10247,mesh,2.4415,I
602ad4a0805527185ca10247,mesh,2.09925,I
602ad4a0805527185ca10247,mesh,2.715,I
602ad4a0805527185ca10247,mesh,5.1725,I
602ad4a0805527185ca10247,mesh,8.42975,I
602ad4a0805527185ca10247,mesh,7.36025,I
602ad4a0805527185ca10247,mesh,4.32475,I
602ad4a0805527185ca10247,mesh,2.18925,I
602ad4a0805527185ca10247,mesh,4.97,I
5ee623674afa60375e30eec3,mesh,22.727,E
5ee623674afa60375e30eec3,mesh,8.27375,E
5ee623674afa60375e30eec3,mesh,7.01675,E
5ee623674afa60375e30eec3,mesh,10.99625,E
5ee623674afa60375e30eec3,mesh,16.48775,E
5ee623674afa60375e30eec3,mesh,31.70625,E
5ee623674afa60375e30eec3,mesh,21.331,E
5ee623674afa60375e30eec3,mesh,8.63025,E
5ee623674afa60375e30eec3,mesh,7.76475,E
5ee623674afa60375e30eec3,mesh,7.15425,E
5ee623674afa60375e30eec3,mesh,10.79675,E
5ee623674afa60375e30eec3,mesh,8.86225,E
5ee623674afa60375e30eec3,mesh,7.25775,E
5ee623674afa60375e30eec3,mesh,7.92375,E
5ee623674afa60375e30eec3,mesh,12.87975,E
5ee623674afa60375e30eec3,mesh,7.766,E
5ee623674afa60375e30eec3,mesh,9.43225,E
5ee623674afa60375e30eec3,mesh,8.9145,E
5ee623674afa60375e30eec3,mesh,9.1295,E
5ee623674afa60375e30eec3,mesh,8.058,E
5ee623674afa60375e30eec3,mesh,11.226,E
5ee623674afa60375e30eec3,mesh,9.3985,E
5ee623674afa60375e30eec3,mesh,13.58625,E
5ee623674afa60375e30eec3,mesh,19.82575,E
5ee623674afa60375e30eec3,mesh,20.73175,E
5ee623674afa60375e30eec3,mesh,11.91025,E
5ee623674afa60375e30eec3,mesh,10.8975,E
5ee623674afa60375e30eec3,mesh,8.56925,E
5ee623674afa60375e30eec3,mesh,10.638,E
5ee623674afa60375e30eec3,mesh,9.221,E
5ee623674afa60375e30eec3,mesh,8.8855,E
5ee623674afa60375e30eec3,mesh,9.0795,E
5ee623674afa60375e30eec3,mesh,9.69175,E
5ee623674afa60375e30eec3,mesh,6.185,E
5ee623674afa60375e30eec3,mesh,6.844,E
5ee623674afa60375e30eec3,mesh,9.1255,E
5ee623674afa60375e30eec3,mesh,10.21,E
5ee623674afa60375e30eec3,mesh,10.98,E
5ee623674afa60375e30eec3,mesh,8.7125,E
5ee623674afa60375e30eec3,mesh,9.2015,E
5ee623674afa60375e30eec3,mesh,6.2465,E
5ee623674afa60375e30eec3,mesh,3.479,E
5ee623674afa60375e30eec3,mesh,3.65225,E
5ee623674afa60375e30eec3,mesh,3.3495,E
5ee623674afa60375e30eec3,mesh,4.91475,E
5ee623674afa60375e30eec3,mesh,4.931,E
5ee623674afa60375e30eec3,mesh,8.7255,E
5ee623674afa60375e30eec3,mesh,5.214,E
5ee623674afa60375e30eec3,mesh,4.618,E
5ee623674afa60375e30eec3,mesh,3.78175,E
5ee623674afa60375e30eec3,mesh,5.36375,E
5ee623674afa60375e30eec3,mesh,4.297,E
5ee623674afa60375e30eec3,mesh,5.09025,E
5ee623674afa60375e30eec3,mesh,4.3145,E
5ee623674afa60375e30eec3,mesh,4.882,E
5ee623674afa60375e30eec3,mesh,3.90425,E
5ee623674afa60375e30eec3,mesh,5.599,E
5ee623674afa60375e30eec3,mesh,6.1315,E
5ee623674afa60375e30eec3,mesh,7.30825,E
5ee623674afa60375e30eec3,mesh,4.727,E
5f0b339a2906a406fed096f0,mesh,42.809,I
5f0b339a2906a406fed096f0,mesh,31.33275,I
5f0b339a2906a406fed096f0,mesh,28.035,I
5f0b339a2906a406fed096f0,mesh,21.1125,I
5f0b339a2906a406fed096f0,mesh,15.9385,I
5f0b339a2906a406fed096f0,mesh,17.85025,I
5f0b339a2906a406fed096f0,mesh,22.46,I
5f0b339a2906a406fed096f0,mesh,16.9505,I
5f0b339a2906a406fed096f0,mesh,28.45075,I
5f0b339a2906a406fed096f0,mesh,6.93175,I
5f0b339a2906a406fed096f0,mesh,16.867,I
5f0b339a2906a406fed096f0,mesh,44.6855,I
5f0b339a2906a406fed096f0,mesh,16.3165,I
5f0b339a2906a406fed096f0,mesh,7.7255,I
5f0b339a2906a406fed096f0,mesh,13.773,I
5f0b339a2906a406fed096f0,mesh,19.64225,I
5f0b339a2906a406fed096f0,mesh,12.217,I
5f0b339a2906a406fed096f0,mesh,42.413,I
5f0b339a2906a406fed096f0,mesh,36.1735,I
5f0b339a2906a406fed096f0,mesh,14.6835,I
60fc39cce64c39328a7c8904,mesh,26.1255,I
60fc39cce64c39328a7c8904,mesh,15.14575,I
60fc39cce64c39328a7c8904,mesh,21.104,I
60fc39cce64c39328a7c8904,mesh,11.7415,I
60fc39cce64c39328a7c8904,mesh,5.0665,I
60fc39cce64c39328a7c8904,mesh,4.18275,I
60fc39cce64c39328a7c8904,mesh,9.31675,I
60fc39cce64c39328a7c8904,mesh,5.34175,I
60fc39cce64c39328a7c8904,mesh,7.49575,I
60fc39cce64c39328a7c8904,mesh,14.833,I
60fc39cce64c39328a7c8904,mesh,4.96225,I
60fc39cce64c39328a7c8904,mesh,7.7915,I
60fc39cce64c39328a7c8904,mesh,5.8915,I
60fc39cce64c39328a7c8904,mesh,10.93725,I
60fc39cce64c39328a7c8904,mesh,8.1235,I
60fc39cce64c39328a7c8904,mesh,13.0165,I
60fc39cce64c39328a7c8904,mesh,11.69575,I
60fc39cce64c39328a7c8904,mesh,7.129,I
60fc39cce64c39328a7c8904,mesh,5.6335,I
60fc39cce64c39328a7c8904,mesh,11.17475,I
60fc39cce64c39328a7c8904,mesh,8.69975,I
60fc39cce64c39328a7c8904,mesh,6.59125,I
60fc39cce64c39328a7c8904,mesh,4.129,I
60fc39cce64c39328a7c8904,mesh,6.72075,I
60fc39cce64c39328a7c8904,mesh,3.658,I
613efd8304b3c6f1247354bb,mesh,52.07075,E
613efd8304b3c6f1247354bb,mesh,34.9595,E
613efd8304b3c6f1247354bb,mesh,21.512,E
613efd8304b3c6f1247354bb,mesh,24.60575,E
613efd8304b3c6f1247354bb,mesh,46.45375,E
613efd8304b3c6f1247354bb,mesh,21.09,E
613efd8304b3c6f1247354bb,mesh,30.08875,E
613efd8304b3c6f1247354bb,mesh,12.89775,E
613efd8304b3c6f1247354bb,mesh,16.94925,E
613efd8304b3c6f1247354bb,mesh,21.50025,E
613efd8304b3c6f1247354bb,mesh,16.69325,E
613efd8304b3c6f1247354bb,mesh,9.64625,E
613efd8304b3c6f1247354bb,mesh,18.935,E
613efd8304b3c6f1247354bb,mesh,7.33475,E
613efd8304b3c6f1247354bb,mesh,24.57275,E
613efd8304b3c6f1247354bb,mesh,17.1935,E
613efd8304b3c6f1247354bb,mesh,12.423,E
613efd8304b3c6f1247354bb,mesh,16.47675,E
613e4bf960ca68f8de00e5e7,mesh,47.285,I
613e4bf960ca68f8de00e5e7,mesh,14.15075,I
613e4bf960ca68f8de00e5e7,mesh,15.4655,I
613e4bf960ca68f8de00e5e7,mesh,14.494,I
613e4bf960ca68f8de00e5e7,mesh,13.10225,I
613e4bf960ca68f8de00e5e7,mesh,12.91925,I
613e4bf960ca68f8de00e5e7,mesh,12.30025,I
613e4bf960ca68f8de00e5e7,mesh,13.343,I
613e4bf960ca68f8de00e5e7,mesh,38.773,I
613e4bf960ca68f8de00e5e7,mesh,22.9175,I
613e4bf960ca68f8de00e5e7,mesh,27.01175,I
613e4bf960ca68f8de00e5e7,mesh,21.0435,I
613e4bf960ca68f8de00e5e7,mesh,29.34075,I
613e4bf960ca68f8de00e5e7,mesh,30.3325,I
613e4bf960ca68f8de00e5e7,mesh,23.71225,I
613e4bf960ca68f8de00e5e7,mesh,26.3665,I
613e4bf960ca68f8de00e5e7,mesh,21.77,I
613e4bf960ca68f8de00e5e7,mesh,20.66925,I
613e4bf960ca68f8de00e5e7,mesh,22.39175,I
613e4bf960ca68f8de00e5e7,mesh,26.53675,I
60e343946a7faddde88fbe3c,mesh,152.0445,I
60e343946a7faddde88fbe3c,mesh,47.28,I
60e343946a7faddde88fbe3c,mesh,42.9315,I
60e343946a7faddde88fbe3c,mesh,20.93475,I
60e343946a7faddde88fbe3c,mesh,47.3955,I
60e343946a7faddde88fbe3c,mesh,32.39525,I
60e343946a7faddde88fbe3c,mesh,22.21325,I
60e343946a7faddde88fbe3c,mesh,22.6635,I
60e343946a7faddde88fbe3c,mesh,31.5025,I
60e343946a7faddde88fbe3c,mesh,27.968,I
60e343946a7faddde88fbe3c,mesh,33.7495,I
60e343946a7faddde88fbe3c,mesh,32.8145,I
60e343946a7faddde88fbe3c,mesh,23.24925,I
60e343946a7faddde88fbe3c,mesh,20.74475,I
60e343946a7faddde88fbe3c,mesh,17.535,I
60e343946a7faddde88fbe3c,mesh,19.551,I
60e343946a7faddde88fbe3c,mesh,35.16825,I
60e343946a7faddde88fbe3c,mesh,22.46475,I
60e343946a7faddde88fbe3c,mesh,13.7395,I
60e343946a7faddde88fbe3c,mesh,14.842,I
6169e8a8311d269013eb73c7,mesh,49.7235,N
6169e8a8311d269013eb73c7,mesh,19.6575,N
6169e8a8311d269013eb73c7,mesh,27.0125,N
6169e8a8311d269013eb73c7,mesh,27.707,N
6169e8a8311d269013eb73c7,mesh,32.28475,N
6169e8a8311d269013eb73c7,mesh,31.702,N
6169e8a8311d269013eb73c7,mesh,27.946,N
6169e8a8311d269013eb73c7,mesh,29.56925,N
6169e8a8311d269013eb73c7,mesh,16.793,N
6169e8a8311d269013eb73c7,mesh,18.0405,N
6169e8a8311d269013eb73c7,mesh,14.5555,N
6169e8a8311d269013eb73c7,mesh,20.14175,N
6169e8a8311d269013eb73c7,mesh,23.15675,N
6169e8a8311d269013eb73c7,mesh,16.29025,N
6169e8a8311d269013eb73c7,mesh,21.7085,N
6169e8a8311d269013eb73c7,mesh,13.15125,N
6169e8a8311d269013eb73c7,mesh,19.00175,N
6169e8a8311d269013eb73c7,mesh,19.441,N
6169e8a8311d269013eb73c7,mesh,14.389,N
6169e8a8311d269013eb73c7,mesh,10.75925,N
6169e8a8311d269013eb73c7,mesh,11.268,N
6169e8a8311d269013eb73c7,mesh,8.967,N
6169e8a8311d269013eb73c7,mesh,10.01,N
6169e8a8311d269013eb73c7,mesh,6.72375,N
6169e8a8311d269013eb73c7,mesh,6.77575,N
6169e8a8311d269013eb73c7,mesh,13.837,N
6169e8a8311d269013eb73c7,mesh,5.739,N
6169e8a8311d269013eb73c7,mesh,5.39075,N
6169e8a8311d269013eb73c7,mesh,6.8515,N
6169e8a8311d269013eb73c7,mesh,10.81425,N
6169e8a8311d269013eb73c7,mesh,5.68375,N
6169e8a8311d269013eb73c7,mesh,5.0965,N
6169e8a8311d269013eb73c7,mesh,8.305,N
6169e8a8311d269013eb73c7,mesh,8.93975,N
6169e8a8311d269013eb73c7,mesh,5.72275,N
6169e8a8311d269013eb73c7,mesh,7.908,N
6169e8a8311d269013eb73c7,mesh,7.26025,N
6169e8a8311d269013eb73c7,mesh,7.77025,N
6169e8a8311d269013eb73c7,mesh,6.22275,N
6169e8a8311d269013eb73c7,mesh,6.94625,N
6169e8a8311d269013eb73c7,mesh,14.07975,N
6169e8a8311d269013eb73c7,mesh,10.413,N
6169e8a8311d269013eb73c7,mesh,12.04525,N
6169e8a8311d269013eb73c7,mesh,9.61,N
6169e8a8311d269013eb73c7,mesh,12.364,N
6169e8a8311d269013eb73c7,mesh,11.38775,N
6169e8a8311d269013eb73c7,mesh,11.76225,N
6169e8a8311d269013eb73c7,mesh,15.7215,N
6169e8a8311d269013eb73c7,mesh,9.755,N
6169e8a8311d269013eb73c7,mesh,11.4705,N
6169e8a8311d269013eb73c7,mesh,18.38325,N
6169e8a8311d269013eb73c7,mesh,13.39,N
6169e8a8311d269013eb73c7,mesh,14.75425,N
6169e8a8311d269013eb73c7,mesh,12.86975,N
6169e8a8311d269013eb73c7,mesh,13.71,N
6169e8a8311d269013eb73c7,mesh,16.569,N
6169e8a8311d269013eb73c7,mesh,10.521,N
6169e8a8311d269013eb73c7,mesh,12.76,N
6169e8a8311d269013eb73c7,mesh,11.274,N
6169e8a8311d269013eb73c7,mesh,16.71925,N
609a7d5287ca8fb83e0780d4,mesh,15.8135,I
609a7d5287ca8fb83e0780d4,mesh,3.65125,I
609a7d5287ca8fb83e0780d4,mesh,4.25125,I
609a7d5287ca8fb83e0780d4,mesh,8.64525,I
609a7d5287ca8fb83e0780d4,mesh,12.709,I
609a7d5287ca8fb83e0780d4,mesh,6.17225,I
609a7d5287ca8fb83e0780d4,mesh,5.985,I
609a7d5287ca8fb83e0780d4,mesh,6.10425,I
609a7d5287ca8fb83e0780d4,mesh,10.1275,I
609a7d5287ca8fb83e0780d4,mesh,7.466,I
609a7d5287ca8fb83e0780d4,mesh,5.6645,I
609a7d5287ca8fb83e0780d4,mesh,15.42125,I
609a7d5287ca8fb83e0780d4,mesh,5.0315,I
609a7d5287ca8fb83e0780d4,mesh,5.0085,I
609a7d5287ca8fb83e0780d4,mesh,10.3135,I
609a7d5287ca8fb83e0780d4,mesh,7.791,I
609a7d5287ca8fb83e0780d4,mesh,5.5265,I
609a7d5287ca8fb83e0780d4,mesh,3.7105,I
609a7d5287ca8fb83e0780d4,mesh,5.78575,I
609a7d5287ca8fb83e0780d4,mesh,3.25325,I
609a7d5287ca8fb83e0780d4,mesh,3.77975,I
609a7d5287ca8fb83e0780d4,mesh,5.37825,I
609a7d5287ca8fb83e0780d4,mesh,5.15975,I
609a7d5287ca8fb83e0780d4,mesh,3.7105,I
609a7d5287ca8fb83e0780d4,mesh,5.2315,I
609a7d5287ca8fb83e0780d4,mesh,6.33425,I
609a7d5287ca8fb83e0780d4,mesh,4.78725,I
609a7d5287ca8fb83e0780d4,mesh,2.95875,I
6154918f83e8ca861b23ea04,mesh,137.0585,N
6154918f83e8ca861b23ea04,mesh,25.90625,N
6154918f83e8ca861b23ea04,mesh,31.209,N
6154918f83e8ca861b23ea04,mesh,51.805,N
6154918f83e8ca861b23ea04,mesh,15.887,N
6154918f83e8ca861b23ea04,mesh,12.161,N
6154918f83e8ca861b23ea04,mesh,67.55375,N
6154918f83e8ca861b23ea04,mesh,17.94075,N
6154918f83e8ca861b23ea04,mesh,19.96225,N
6154918f83e8ca861b23ea04,mesh,20.71975,N
6154918f83e8ca861b23ea04,mesh,46.3055,N
6154918f83e8ca861b23ea04,mesh,30.69025,N
6154918f83e8ca861b23ea04,mesh,67.4185,N
6154918f83e8ca861b23ea04,mesh,21.99675,N
6154918f83e8ca861b23ea04,mesh,12.69125,N
6154918f83e8ca861b23ea04,mesh,16.24375,N
6154918f83e8ca861b23ea04,mesh,43.2245,N
6154918f83e8ca861b23ea04,mesh,74.0235,N
608c349d8e7f57e8f84d3a27,mesh,53.34275,N
608c349d8e7f57e8f84d3a27,mesh,10.7975,N
608c349d8e7f57e8f84d3a27,mesh,21.20475,N
608c349d8e7f57e8f84d3a27,mesh,41.15575,N
608c349d8e7f57e8f84d3a27,mesh,14.8225,N
608c349d8e7f57e8f84d3a27,mesh,32.1685,N
608c349d8e7f57e8f84d3a27,mesh,18.08625,N
608c349d8e7f57e8f84d3a27,mesh,22.2085,N
608c349d8e7f57e8f84d3a27,mesh,23.409,N
608c349d8e7f57e8f84d3a27,mesh,54.04875,N
608c349d8e7f57e8f84d3a27,mesh,41.07375,N
608c349d8e7f57e8f84d3a27,mesh,40.8,N
608c349d8e7f57e8f84d3a27,mesh,19.76075,N
608c349d8e7f57e8f84d3a27,mesh,28.1835,N
608c349d8e7f57e8f84d3a27,mesh,13.58375,N
608c349d8e7f57e8f84d3a27,mesh,25.309,N
608c349d8e7f57e8f84d3a27,mesh,9.35825,N
608c349d8e7f57e8f84d3a27,mesh,15.6455,N
608c349d8e7f57e8f84d3a27,mesh,15.382,N
608c349d8e7f57e8f84d3a27,mesh,11.067,N
608c349d8e7f57e8f84d3a27,mesh,9.7005,N
608c349d8e7f57e8f84d3a27,mesh,12.81425,N
608c349d8e7f57e8f84d3a27,mesh,11.31125,N
608c349d8e7f57e8f84d3a27,mesh,14.513,N
608c349d8e7f57e8f84d3a27,mesh,9.862,N
608c349d8e7f57e8f84d3a27,mesh,4.2785,N
608c349d8e7f57e8f84d3a27,mesh,3.95675,N
614e82d5717d691f24efffc0,mesh,47.36025,E
614e82d5717d691f24efffc0,mesh,20.53125,E
614e82d5717d691f24efffc0,mesh,13.26225,E
614e82d5717d691f24efffc0,mesh,11.106,E
614e82d5717d691f24efffc0,mesh,19.63075,E
614e82d5717d691f24efffc0,mesh,6.61425,E
614e82d5717d691f24efffc0,mesh,22.766,E
614e82d5717d691f24efffc0,mesh,12.58125,E
614e82d5717d691f24efffc0,mesh,9.84825,E
614e82d5717d691f24efffc0,mesh,12.065,E
614e82d5717d691f24efffc0,mesh,17.171,E
614e82d5717d691f24efffc0,mesh,11.364,E
614e82d5717d691f24efffc0,mesh,30.75375,E
614e82d5717d691f24efffc0,mesh,16.02175,E
614e82d5717d691f24efffc0,mesh,10.2025,E
614e82d5717d691f24efffc0,mesh,5.75225,E
614e82d5717d691f24efffc0,mesh,10.82275,E
614e82d5717d691f24efffc0,mesh,6.439,E
60dbbc0ae0cea5626de2ac0a,mesh,44.35075,N
60dbbc0ae0cea5626de2ac0a,mesh,20.34,N
60dbbc0ae0cea5626de2ac0a,mesh,13.3435,N
60dbbc0ae0cea5626de2ac0a,mesh,13.343,N
60dbbc0ae0cea5626de2ac0a,mesh,13.734,N
60dbbc0ae0cea5626de2ac0a,mesh,20.211,N
60dbbc0ae0cea5626de2ac0a,mesh,14.416,N
60dbbc0ae0cea5626de2ac0a,mesh,15.553,N
60dbbc0ae0cea5626de2ac0a,mesh,11.17675,N
60dbbc0ae0cea5626de2ac0a,mesh,11.83525,N
60dbbc0ae0cea5626de2ac0a,mesh,7.51475,N
60dbbc0ae0cea5626de2ac0a,mesh,8.895,N
60dbbc0ae0cea5626de2ac0a,mesh,12.12675,N
60dbbc0ae0cea5626de2ac0a,mesh,6.13,N
60dbbc0ae0cea5626de2ac0a,mesh,8.77675,N
60dbbc0ae0cea5626de2ac0a,mesh,46.6025,N
60dbbc0ae0cea5626de2ac0a,mesh,6.602,N
60dbbc0ae0cea5626de2ac0a,mesh,6.713,N
60dbbc0ae0cea5626de2ac0a,mesh,7.8805,N
60dbbc0ae0cea5626de2ac0a,mesh,7.04675,N
60dbbc0ae0cea5626de2ac0a,mesh,6.40125,N
60dbbc0ae0cea5626de2ac0a,mesh,7.81575,N
60dbbc0ae0cea5626de2ac0a,mesh,6.0485,N
60dbbc0ae0cea5626de2ac0a,mesh,6.246,N
60c048ca962103e0da201a34,mesh,98.57775,N
60c048ca962103e0da201a34,mesh,47.35975,N
60c048ca962103e0da201a34,mesh,28.47575,N
60c048ca962103e0da201a34,mesh,22.377,N
60c048ca962103e0da201a34,mesh,14.06625,N
60c048ca962103e0da201a34,mesh,36.423,N
60c048ca962103e0da201a34,mesh,30.14775,N
60c048ca962103e0da201a34,mesh,17.661,N
60c048ca962103e0da201a34,mesh,24.1595,N
60c048ca962103e0da201a34,mesh,17.85675,N
60c048ca962103e0da201a34,mesh,9.8065,N
60c048ca962103e0da201a34,mesh,33.93525,N
60c048ca962103e0da201a34,mesh,14.157,N
60c048ca962103e0da201a34,mesh,13.5435,N
60c048ca962103e0da201a34,mesh,41.16075,N
60c048ca962103e0da201a34,mesh,27.77325,N
60c048ca962103e0da201a34,mesh,19.7625,N
60c048ca962103e0da201a34,mesh,48.081,N
5f9aba6600cdf11f1c9b915c,mesh,21.27175,E
5f9aba6600cdf11f1c9b915c,mesh,20.76025,E
5f9aba6600cdf11f1c9b915c,mesh,17.28025,E
5f9aba6600cdf11f1c9b915c,mesh,4.81525,E
5f9aba6600cdf11f1c9b915c,mesh,5.6885,E
5f9aba6600cdf11f1c9b915c,mesh,8.4765,E
5f9aba6600cdf11f1c9b915c,mesh,11.13175,E
5f9aba6600cdf11f1c9b915c,mesh,4.89725,E
5f9aba6600cdf11f1c9b915c,mesh,13.595,E
5f9aba6600cdf11f1c9b915c,mesh,11.8685,E
5f9aba6600cdf11f1c9b915c,mesh,29.9365,E
5f9aba6600cdf11f1c9b915c,mesh,15.99825,E
5f9aba6600cdf11f1c9b915c,mesh,10.379,E
5f9aba6600cdf11f1c9b915c,mesh,14.82025,E
5f9aba6600cdf11f1c9b915c,mesh,11.4605,E
5f9aba6600cdf11f1c9b915c,mesh,9.709,E
5f9aba6600cdf11f1c9b915c,mesh,9.07225,E
5f9aba6600cdf11f1c9b915c,mesh,8.399,E
5f9aba6600cdf11f1c9b915c,mesh,8.12675,E
5f9aba6600cdf11f1c9b915c,mesh,10.5205,E
5f9aba6600cdf11f1c9b915c,mesh,11.24075,E
5f6dff31d44be62b675aa6f7,mesh,33.853,I
5f6dff31d44be62b675aa6f7,mesh,18.1575,I
5f6dff31d44be62b675aa6f7,mesh,9.85975,I
5f6dff31d44be62b675aa6f7,mesh,8.4215,I
5f6dff31d44be62b675aa6f7,mesh,14.71225,I
5f6dff31d44be62b675aa6f7,mesh,13.13425,I
5f6dff31d44be62b675aa6f7,mesh,11.50925,I
5f6dff31d44be62b675aa6f7,mesh,22.52,I
5f6dff31d44be62b675aa6f7,mesh,10.79175,I
5f6dff31d44be62b675aa6f7,mesh,19.15275,I
5f6dff31d44be62b675aa6f7,mesh,5.92175,I
5f6dff31d44be62b675aa6f7,mesh,5.45675,I
5f6dff31d44be62b675aa6f7,mesh,6.6405,I
5f6dff31d44be62b675aa6f7,mesh,4.9885,I
5f6dff31d44be62b675aa6f7,mesh,8.5805,I
5f6dff31d44be62b675aa6f7,mesh,13.79575,I
5f6dff31d44be62b675aa6f7,mesh,16.2265,I
5f6dff31d44be62b675aa6f7,mesh,12.0035,I
5f6dff31d44be62b675aa6f7,mesh,21.249,I
5f6dff31d44be62b675aa6f7,mesh,13.65225,I
60087e9189ddb34b79b08be5,mesh,12.07,E
60087e9189ddb34b79b08be5,mesh,4.10025,E
60087e9189ddb34b79b08be5,mesh,7.9985,E
60087e9189ddb34b79b08be5,mesh,9.2775,E
60087e9189ddb34b79b08be5,mesh,12.77725,E
60087e9189ddb34b79b08be5,mesh,5.07675,E
60087e9189ddb34b79b08be5,mesh,4.5595,E
60087e9189ddb34b79b08be5,mesh,4.94875,E
60087e9189ddb34b79b08be5,mesh,4.64925,E
60087e9189ddb34b79b08be5,mesh,5.2845,E
60087e9189ddb34b79b08be5,mesh,4.61425,E
60087e9189ddb34b79b08be5,mesh,3.297,E
60087e9189ddb34b79b08be5,mesh,5.409,E
60087e9189ddb34b79b08be5,mesh,3.3745,E
60087e9189ddb34b79b08be5,mesh,2.34775,E
60087e9189ddb34b79b08be5,mesh,3.15475,E
60087e9189ddb34b79b08be5,mesh,4.00725,E
60087e9189ddb34b79b08be5,mesh,2.2125,E
60087e9189ddb34b79b08be5,mesh,3.2535,E
613bbfebd7cdd60585f6a3a2,mesh,37.6895,N
613bbfebd7cdd60585f6a3a2,mesh,11.11275,N
613bbfebd7cdd60585f6a3a2,mesh,13.23025,N
613bbfebd7cdd60585f6a3a2,mesh,16.33525,N
613bbfebd7cdd60585f6a3a2,mesh,16.72075,N
613bbfebd7cdd60585f6a3a2,mesh,14.46625,N
613bbfebd7cdd60585f6a3a2,mesh,17.9695,N
613bbfebd7cdd60585f6a3a2,mesh,13.894,N
613bbfebd7cdd60585f6a3a2,mesh,12.673,N
613bbfebd7cdd60585f6a3a2,mesh,19.39575,N
613bbfebd7cdd60585f6a3a2,mesh,16.978,N
613bbfebd7cdd60585f6a3a2,mesh,10.0105,N
613bbfebd7cdd60585f6a3a2,mesh,22.64925,N
613bbfebd7cdd60585f6a3a2,mesh,12.019,N
613bbfebd7cdd60585f6a3a2,mesh,13.56625,N
613bbfebd7cdd60585f6a3a2,mesh,11.7425,N
613bbfebd7cdd60585f6a3a2,mesh,10.10325,N
613bbfebd7cdd60585f6a3a2,mesh,10.48125,N
613bbfebd7cdd60585f6a3a2,mesh,11.46275,N
