userID,taskID,domain,expertiseLevel,rankingInteraction
6116ee8fcd5414630d3527e8,3,text,E,9.0
6116ee8fcd5414630d3527e8,3,text,E,4.0
6116ee8fcd5414630d3527e8,3,text,E,5.0
6116ee8fcd5414630d3527e8,3,text,E,4.0
6116ee8fcd5414630d3527e8,3,text,E,4.0
6116ee8fcd5414630d3527e8,3,text,E,4.0
6116ee8fcd5414630d3527e8,2,text,E,9.0
6116ee8fcd5414630d3527e8,2,text,E,4.0
6116ee8fcd5414630d3527e8,2,text,E,4.0
6116ee8fcd5414630d3527e8,2,text,E,4.0
6116ee8fcd5414630d3527e8,2,text,E,5.0
6116ee8fcd5414630d3527e8,2,text,E,4.0
6116ee8fcd5414630d3527e8,1,text,E,8.0
6116ee8fcd5414630d3527e8,1,text,E,4.0
6116ee8fcd5414630d3527e8,1,text,E,5.0
6116ee8fcd5414630d3527e8,1,text,E,4.0
6116ee8fcd5414630d3527e8,1,text,E,4.0
611f5fca1c852d6d56e5bf8d,1,text,E,5.0
611f5fca1c852d6d56e5bf8d,1,text,E,4.0
611f5fca1c852d6d56e5bf8d,1,text,E,5.0
611f5fca1c852d6d56e5bf8d,1,text,E,4.0
611f5fca1c852d6d56e5bf8d,1,text,E,6.0
611f5fca1c852d6d56e5bf8d,1,text,E,4.0
611f5fca1c852d6d56e5bf8d,3,text,E,9.0
611f5fca1c852d6d56e5bf8d,3,text,E,4.0
611f5fca1c852d6d56e5bf8d,3,text,E,7.0
611f5fca1c852d6d56e5bf8d,3,text,E,4.0
611f5fca1c852d6d56e5bf8d,3,text,E,5.0
611f5fca1c852d6d56e5bf8d,3,text,E,4.0
611f5fca1c852d6d56e5bf8d,3,text,E,4.0
611f5fca1c852d6d56e5bf8d,2,text,E,9.0
611f5fca1c852d6d56e5bf8d,2,text,E,5.0
611f5fca1c852d6d56e5bf8d,2,text,E,4.0
611f5fca1c852d6d56e5bf8d,2,text,E,5.0
611f5fca1c852d6d56e5bf8d,2,text,E,4.0
611f5fca1c852d6d56e5bf8d,2,text,E,4.0
61687f084dd0608f43a02d0e,3,text,N,6.0
61687f084dd0608f43a02d0e,3,text,N,4.0
61687f084dd0608f43a02d0e,3,text,N,4.0
61687f084dd0608f43a02d0e,3,text,N,4.0
61687f084dd0608f43a02d0e,3,text,N,5.0
61687f084dd0608f43a02d0e,3,text,N,5.0
61687f084dd0608f43a02d0e,3,text,N,6.0
61687f084dd0608f43a02d0e,3,text,N,4.0
61687f084dd0608f43a02d0e,1,text,N,9.0
61687f084dd0608f43a02d0e,1,text,N,4.0
61687f084dd0608f43a02d0e,1,text,N,5.0
61687f084dd0608f43a02d0e,1,text,N,4.0
61687f084dd0608f43a02d0e,1,text,N,5.0
61687f084dd0608f43a02d0e,1,text,N,4.0
61687f084dd0608f43a02d0e,2,text,N,10.0
61687f084dd0608f43a02d0e,2,text,N,4.0
61687f084dd0608f43a02d0e,2,text,N,4.0
61687f084dd0608f43a02d0e,2,text,N,4.0
61687f084dd0608f43a02d0e,2,text,N,5.0
61687f084dd0608f43a02d0e,2,text,N,6.0
5d8c9182bc22d700191aef2b,1,text,E,9.0
5d8c9182bc22d700191aef2b,1,text,E,5.0
5d8c9182bc22d700191aef2b,1,text,E,4.0
5d8c9182bc22d700191aef2b,1,text,E,6.0
5d8c9182bc22d700191aef2b,1,text,E,4.0
5d8c9182bc22d700191aef2b,1,text,E,7.0
5d8c9182bc22d700191aef2b,1,text,E,4.0
5d8c9182bc22d700191aef2b,3,text,E,9.0
5d8c9182bc22d700191aef2b,3,text,E,4.0
5d8c9182bc22d700191aef2b,3,text,E,7.0
5d8c9182bc22d700191aef2b,3,text,E,6.0
5d8c9182bc22d700191aef2b,3,text,E,5.0
5d8c9182bc22d700191aef2b,3,text,E,5.0
5d8c9182bc22d700191aef2b,3,text,E,6.0
5d8c9182bc22d700191aef2b,2,text,E,12.0
5d8c9182bc22d700191aef2b,2,text,E,5.0
5d8c9182bc22d700191aef2b,2,text,E,6.0
5d8c9182bc22d700191aef2b,2,text,E,5.0
5d8c9182bc22d700191aef2b,2,text,E,6.0
5d8c9182bc22d700191aef2b,2,text,E,5.0
611e182dfe4a100e7d271c7e,1,text,N,4.0
611e182dfe4a100e7d271c7e,1,text,N,4.0
611e182dfe4a100e7d271c7e,1,text,N,4.0
611e182dfe4a100e7d271c7e,1,text,N,4.0
611e182dfe4a100e7d271c7e,1,text,N,4.0
611e182dfe4a100e7d271c7e,1,text,N,7.0
611e182dfe4a100e7d271c7e,2,text,N,11.0
611e182dfe4a100e7d271c7e,2,text,N,4.0
611e182dfe4a100e7d271c7e,2,text,N,4.0
611e182dfe4a100e7d271c7e,2,text,N,4.0
611e182dfe4a100e7d271c7e,2,text,N,4.0
611e182dfe4a100e7d271c7e,2,text,N,5.0
611e182dfe4a100e7d271c7e,3,text,N,10.0
611e182dfe4a100e7d271c7e,3,text,N,5.0
611e182dfe4a100e7d271c7e,3,text,N,4.0
611e182dfe4a100e7d271c7e,3,text,N,4.0
611e182dfe4a100e7d271c7e,3,text,N,4.0
611e182dfe4a100e7d271c7e,3,text,N,4.0
611e182dfe4a100e7d271c7e,3,text,N,4.0
611e182dfe4a100e7d271c7e,3,text,N,4.0
5eceef5fa487421604c337ba,3,text,E,9.0
5eceef5fa487421604c337ba,3,text,E,4.0
5eceef5fa487421604c337ba,3,text,E,4.0
5eceef5fa487421604c337ba,3,text,E,4.0
5eceef5fa487421604c337ba,3,text,E,8.0
5eceef5fa487421604c337ba,3,text,E,4.0
5eceef5fa487421604c337ba,3,text,E,6.0
5eceef5fa487421604c337ba,1,text,E,18.0
5eceef5fa487421604c337ba,1,text,E,5.0
5eceef5fa487421604c337ba,1,text,E,4.0
5eceef5fa487421604c337ba,1,text,E,4.0
5eceef5fa487421604c337ba,1,text,E,4.0
5eceef5fa487421604c337ba,1,text,E,4.0
5eceef5fa487421604c337ba,1,text,E,4.0
5eceef5fa487421604c337ba,2,text,E,8.0
5eceef5fa487421604c337ba,2,text,E,5.0
5eceef5fa487421604c337ba,2,text,E,4.0
5eceef5fa487421604c337ba,2,text,E,4.0
5eceef5fa487421604c337ba,2,text,E,5.0
5eceef5fa487421604c337ba,2,text,E,4.0
61227cb134d2ee7a4a125ef7,3,text,N,6.0
61227cb134d2ee7a4a125ef7,3,text,N,4.0
61227cb134d2ee7a4a125ef7,3,text,N,4.0
61227cb134d2ee7a4a125ef7,3,text,N,4.0
61227cb134d2ee7a4a125ef7,3,text,N,4.0
61227cb134d2ee7a4a125ef7,3,text,N,4.0
61227cb134d2ee7a4a125ef7,3,text,N,4.0
61227cb134d2ee7a4a125ef7,3,text,N,4.0
61227cb134d2ee7a4a125ef7,3,text,N,4.0
61227cb134d2ee7a4a125ef7,3,text,N,4.0
61227cb134d2ee7a4a125ef7,3,text,N,5.0
61227cb134d2ee7a4a125ef7,3,text,N,4.0
61227cb134d2ee7a4a125ef7,3,text,N,4.0
61227cb134d2ee7a4a125ef7,3,text,N,5.0
61227cb134d2ee7a4a125ef7,3,text,N,4.0
61227cb134d2ee7a4a125ef7,2,text,N,8.0
61227cb134d2ee7a4a125ef7,2,text,N,4.0
61227cb134d2ee7a4a125ef7,2,text,N,4.0
61227cb134d2ee7a4a125ef7,2,text,N,4.0
61227cb134d2ee7a4a125ef7,2,text,N,4.0
61227cb134d2ee7a4a125ef7,2,text,N,6.0
61227cb134d2ee7a4a125ef7,1,text,N,10.0
61227cb134d2ee7a4a125ef7,1,text,N,4.0
61227cb134d2ee7a4a125ef7,1,text,N,4.0
61227cb134d2ee7a4a125ef7,1,text,N,4.0
61227cb134d2ee7a4a125ef7,1,text,N,4.0
61227cb134d2ee7a4a125ef7,1,text,N,6.0
5aad8904e1546900019aef8e,2,text,N,5.0
5aad8904e1546900019aef8e,2,text,N,5.0
5aad8904e1546900019aef8e,2,text,N,5.0
5aad8904e1546900019aef8e,2,text,N,5.0
5aad8904e1546900019aef8e,2,text,N,6.0
5aad8904e1546900019aef8e,2,text,N,5.0
5aad8904e1546900019aef8e,1,text,N,12.0
5aad8904e1546900019aef8e,1,text,N,4.0
5aad8904e1546900019aef8e,1,text,N,4.0
5aad8904e1546900019aef8e,1,text,N,12.0
5aad8904e1546900019aef8e,1,text,N,5.0
5aad8904e1546900019aef8e,1,text,N,5.0
5aad8904e1546900019aef8e,3,text,N,10.0
5aad8904e1546900019aef8e,3,text,N,5.0
5aad8904e1546900019aef8e,3,text,N,8.0
5aad8904e1546900019aef8e,3,text,N,4.0
5aad8904e1546900019aef8e,3,text,N,7.0
5aad8904e1546900019aef8e,3,text,N,4.0
5aad8904e1546900019aef8e,3,text,N,4.0
602fd43a4bcf02d4aac8ef3c,1,text,I,6.0
602fd43a4bcf02d4aac8ef3c,1,text,I,7.0
602fd43a4bcf02d4aac8ef3c,1,text,I,6.0
602fd43a4bcf02d4aac8ef3c,1,text,I,4.0
602fd43a4bcf02d4aac8ef3c,1,text,I,8.0
602fd43a4bcf02d4aac8ef3c,1,text,I,4.0
602fd43a4bcf02d4aac8ef3c,3,text,I,9.0
602fd43a4bcf02d4aac8ef3c,3,text,I,4.0
602fd43a4bcf02d4aac8ef3c,3,text,I,4.0
602fd43a4bcf02d4aac8ef3c,3,text,I,5.0
602fd43a4bcf02d4aac8ef3c,3,text,I,4.0
602fd43a4bcf02d4aac8ef3c,3,text,I,6.0
602fd43a4bcf02d4aac8ef3c,2,text,I,10.0
602fd43a4bcf02d4aac8ef3c,2,text,I,4.0
602fd43a4bcf02d4aac8ef3c,2,text,I,5.0
602fd43a4bcf02d4aac8ef3c,2,text,I,4.0
602fd43a4bcf02d4aac8ef3c,2,text,I,4.0
602fd43a4bcf02d4aac8ef3c,2,text,I,4.0
5fa507fa0776431b370bc0c7,1,text,E,9.0
5fa507fa0776431b370bc0c7,1,text,E,6.0
5fa507fa0776431b370bc0c7,1,text,E,5.0
5fa507fa0776431b370bc0c7,1,text,E,4.0
5fa507fa0776431b370bc0c7,1,text,E,4.0
5fa507fa0776431b370bc0c7,1,text,E,4.0
5fa507fa0776431b370bc0c7,3,text,E,8.0
5fa507fa0776431b370bc0c7,3,text,E,4.0
5fa507fa0776431b370bc0c7,3,text,E,4.0
5fa507fa0776431b370bc0c7,3,text,E,4.0
5fa507fa0776431b370bc0c7,3,text,E,5.0
5fa507fa0776431b370bc0c7,3,text,E,4.0
5fa507fa0776431b370bc0c7,2,text,E,9.0
5fa507fa0776431b370bc0c7,2,text,E,4.0
5fa507fa0776431b370bc0c7,2,text,E,7.0
5fa507fa0776431b370bc0c7,2,text,E,4.0
5fa507fa0776431b370bc0c7,2,text,E,4.0
5fa507fa0776431b370bc0c7,2,text,E,5.0
5fa507fa0776431b370bc0c7,2,text,E,4.0
61612589346d8995f94f2dc9,1,text,I,4.0
61612589346d8995f94f2dc9,1,text,I,4.0
61612589346d8995f94f2dc9,1,text,I,4.0
61612589346d8995f94f2dc9,1,text,I,5.0
61612589346d8995f94f2dc9,1,text,I,5.0
61612589346d8995f94f2dc9,1,text,I,4.0
61612589346d8995f94f2dc9,1,text,I,4.0
61612589346d8995f94f2dc9,1,text,I,4.0
61612589346d8995f94f2dc9,3,text,I,8.0
61612589346d8995f94f2dc9,3,text,I,4.0
61612589346d8995f94f2dc9,3,text,I,4.0
61612589346d8995f94f2dc9,3,text,I,4.0
61612589346d8995f94f2dc9,3,text,I,5.0
61612589346d8995f94f2dc9,3,text,I,4.0
61612589346d8995f94f2dc9,2,text,I,8.0
61612589346d8995f94f2dc9,2,text,I,4.0
61612589346d8995f94f2dc9,2,text,I,4.0
61612589346d8995f94f2dc9,2,text,I,4.0
61612589346d8995f94f2dc9,2,text,I,4.0
61612589346d8995f94f2dc9,2,text,I,4.0
61612589346d8995f94f2dc9,2,text,I,5.0
61141c855eb58d6a4e3d8d5b,2,text,I,4.0
61141c855eb58d6a4e3d8d5b,2,text,I,6.0
61141c855eb58d6a4e3d8d5b,2,text,I,4.0
61141c855eb58d6a4e3d8d5b,2,text,I,4.0
61141c855eb58d6a4e3d8d5b,2,text,I,4.0
61141c855eb58d6a4e3d8d5b,2,text,I,4.0
61141c855eb58d6a4e3d8d5b,2,text,I,4.0
61141c855eb58d6a4e3d8d5b,1,text,I,8.0
61141c855eb58d6a4e3d8d5b,1,text,I,4.0
61141c855eb58d6a4e3d8d5b,1,text,I,4.0
61141c855eb58d6a4e3d8d5b,1,text,I,4.0
61141c855eb58d6a4e3d8d5b,1,text,I,4.0
61141c855eb58d6a4e3d8d5b,1,text,I,4.0
61141c855eb58d6a4e3d8d5b,3,text,I,9.0
61141c855eb58d6a4e3d8d5b,3,text,I,7.0
61141c855eb58d6a4e3d8d5b,3,text,I,6.0
61141c855eb58d6a4e3d8d5b,3,text,I,5.0
61141c855eb58d6a4e3d8d5b,3,text,I,4.0
61141c855eb58d6a4e3d8d5b,3,text,I,4.0
60eee9b2a83c9d1e14de4788,3,text,E,4.0
60eee9b2a83c9d1e14de4788,3,text,E,6.0
60eee9b2a83c9d1e14de4788,3,text,E,4.0
60eee9b2a83c9d1e14de4788,3,text,E,6.0
60eee9b2a83c9d1e14de4788,3,text,E,4.0
60eee9b2a83c9d1e14de4788,3,text,E,5.0
60eee9b2a83c9d1e14de4788,3,text,E,6.0
60eee9b2a83c9d1e14de4788,2,text,E,15.0
60eee9b2a83c9d1e14de4788,2,text,E,4.0
60eee9b2a83c9d1e14de4788,2,text,E,5.0
60eee9b2a83c9d1e14de4788,2,text,E,6.0
60eee9b2a83c9d1e14de4788,2,text,E,5.0
60eee9b2a83c9d1e14de4788,2,text,E,4.0
60eee9b2a83c9d1e14de4788,1,text,E,9.0
60eee9b2a83c9d1e14de4788,1,text,E,4.0
60eee9b2a83c9d1e14de4788,1,text,E,5.0
60eee9b2a83c9d1e14de4788,1,text,E,5.0
60eee9b2a83c9d1e14de4788,1,text,E,4.0
60eee9b2a83c9d1e14de4788,1,text,E,4.0
60eee9b2a83c9d1e14de4788,1,text,E,5.0
6020206b9b158a5df011ff1f,3,text,I,4.0
6020206b9b158a5df011ff1f,3,text,I,5.0
6020206b9b158a5df011ff1f,3,text,I,4.0
6020206b9b158a5df011ff1f,3,text,I,5.0
6020206b9b158a5df011ff1f,3,text,I,5.0
6020206b9b158a5df011ff1f,3,text,I,4.0
6020206b9b158a5df011ff1f,3,text,I,4.0
6020206b9b158a5df011ff1f,1,text,I,9.0
6020206b9b158a5df011ff1f,1,text,I,4.0
6020206b9b158a5df011ff1f,1,text,I,4.0
6020206b9b158a5df011ff1f,1,text,I,7.0
6020206b9b158a5df011ff1f,1,text,I,4.0
6020206b9b158a5df011ff1f,1,text,I,5.0
6020206b9b158a5df011ff1f,2,text,I,9.0
6020206b9b158a5df011ff1f,2,text,I,4.0
6020206b9b158a5df011ff1f,2,text,I,5.0
6020206b9b158a5df011ff1f,2,text,I,7.0
6020206b9b158a5df011ff1f,2,text,I,4.0
6020206b9b158a5df011ff1f,2,text,I,5.0
6020206b9b158a5df011ff1f,2,text,I,4.0
6020206b9b158a5df011ff1f,2,text,I,4.0
6020206b9b158a5df011ff1f,2,text,I,5.0
615b26a3c79a404be3c4c35e,1,text,N,9.0
615b26a3c79a404be3c4c35e,1,text,N,4.0
615b26a3c79a404be3c4c35e,1,text,N,5.0
615b26a3c79a404be3c4c35e,1,text,N,4.0
615b26a3c79a404be3c4c35e,1,text,N,4.0
615b26a3c79a404be3c4c35e,1,text,N,4.0
615b26a3c79a404be3c4c35e,3,text,N,8.0
615b26a3c79a404be3c4c35e,3,text,N,4.0
615b26a3c79a404be3c4c35e,3,text,N,4.0
615b26a3c79a404be3c4c35e,3,text,N,4.0
615b26a3c79a404be3c4c35e,3,text,N,4.0
615b26a3c79a404be3c4c35e,3,text,N,4.0
615b26a3c79a404be3c4c35e,2,text,N,8.0
615b26a3c79a404be3c4c35e,2,text,N,4.0
615b26a3c79a404be3c4c35e,2,text,N,4.0
615b26a3c79a404be3c4c35e,2,text,N,4.0
615b26a3c79a404be3c4c35e,2,text,N,6.0
615b26a3c79a404be3c4c35e,2,text,N,6.0
60f958dea810a7a0cf3d14d9,1,text,E,5.0
60f958dea810a7a0cf3d14d9,1,text,E,4.0
60f958dea810a7a0cf3d14d9,1,text,E,4.0
60f958dea810a7a0cf3d14d9,1,text,E,5.0
60f958dea810a7a0cf3d14d9,1,text,E,5.0
60f958dea810a7a0cf3d14d9,1,text,E,4.0
60f958dea810a7a0cf3d14d9,2,text,E,8.0
60f958dea810a7a0cf3d14d9,2,text,E,4.0
60f958dea810a7a0cf3d14d9,2,text,E,4.0
60f958dea810a7a0cf3d14d9,2,text,E,4.0
60f958dea810a7a0cf3d14d9,2,text,E,4.0
60f958dea810a7a0cf3d14d9,2,text,E,8.0
60f958dea810a7a0cf3d14d9,3,text,E,14.0
60f958dea810a7a0cf3d14d9,3,text,E,5.0
60f958dea810a7a0cf3d14d9,3,text,E,8.0
60f958dea810a7a0cf3d14d9,3,text,E,5.0
60f958dea810a7a0cf3d14d9,3,text,E,5.0
60f958dea810a7a0cf3d14d9,3,text,E,5.0
6136aee758e3f41323d8c0c7,3,text,I,4.0
6136aee758e3f41323d8c0c7,3,text,I,4.0
6136aee758e3f41323d8c0c7,3,text,I,4.0
6136aee758e3f41323d8c0c7,3,text,I,4.0
6136aee758e3f41323d8c0c7,3,text,I,4.0
6136aee758e3f41323d8c0c7,3,text,I,4.0
6136aee758e3f41323d8c0c7,3,text,I,4.0
6136aee758e3f41323d8c0c7,3,text,I,4.0
6136aee758e3f41323d8c0c7,3,text,I,4.0
6136aee758e3f41323d8c0c7,1,text,I,8.0
6136aee758e3f41323d8c0c7,1,text,I,4.0
6136aee758e3f41323d8c0c7,1,text,I,4.0
6136aee758e3f41323d8c0c7,1,text,I,4.0
6136aee758e3f41323d8c0c7,1,text,I,4.0
6136aee758e3f41323d8c0c7,1,text,I,4.0
6136aee758e3f41323d8c0c7,1,text,I,4.0
6136aee758e3f41323d8c0c7,1,text,I,5.0
6136aee758e3f41323d8c0c7,2,text,I,9.0
6136aee758e3f41323d8c0c7,2,text,I,4.0
6136aee758e3f41323d8c0c7,2,text,I,4.0
6136aee758e3f41323d8c0c7,2,text,I,4.0
6136aee758e3f41323d8c0c7,2,text,I,4.0
6136aee758e3f41323d8c0c7,2,text,I,4.0
6074de03363deb52b54eccf4,3,text,N,4.0
6074de03363deb52b54eccf4,3,text,N,5.0
6074de03363deb52b54eccf4,3,text,N,4.0
6074de03363deb52b54eccf4,3,text,N,5.0
6074de03363deb52b54eccf4,3,text,N,4.0
6074de03363deb52b54eccf4,3,text,N,5.0
6074de03363deb52b54eccf4,2,text,N,9.0
6074de03363deb52b54eccf4,2,text,N,5.0
6074de03363deb52b54eccf4,2,text,N,7.0
6074de03363deb52b54eccf4,2,text,N,4.0
6074de03363deb52b54eccf4,2,text,N,4.0
6074de03363deb52b54eccf4,2,text,N,6.0
6074de03363deb52b54eccf4,1,text,N,11.0
6074de03363deb52b54eccf4,1,text,N,4.0
6074de03363deb52b54eccf4,1,text,N,5.0
6074de03363deb52b54eccf4,1,text,N,4.0
6074de03363deb52b54eccf4,1,text,N,4.0
6074de03363deb52b54eccf4,1,text,N,4.0
5dcd5aa07e5deb02d76958d2,1,text,N,4.0
5dcd5aa07e5deb02d76958d2,1,text,N,4.0
5dcd5aa07e5deb02d76958d2,1,text,N,5.0
5dcd5aa07e5deb02d76958d2,1,text,N,5.0
5dcd5aa07e5deb02d76958d2,1,text,N,5.0
5dcd5aa07e5deb02d76958d2,1,text,N,4.0
5dcd5aa07e5deb02d76958d2,2,text,N,9.0
5dcd5aa07e5deb02d76958d2,2,text,N,4.0
5dcd5aa07e5deb02d76958d2,2,text,N,4.0
5dcd5aa07e5deb02d76958d2,2,text,N,5.0
5dcd5aa07e5deb02d76958d2,2,text,N,4.0
5dcd5aa07e5deb02d76958d2,2,text,N,4.0
5dcd5aa07e5deb02d76958d2,2,text,N,4.0
5dcd5aa07e5deb02d76958d2,2,text,N,4.0
5dcd5aa07e5deb02d76958d2,2,text,N,4.0
5dcd5aa07e5deb02d76958d2,3,text,N,8.0
5dcd5aa07e5deb02d76958d2,3,text,N,5.0
5dcd5aa07e5deb02d76958d2,3,text,N,5.0
5dcd5aa07e5deb02d76958d2,3,text,N,4.0
5dcd5aa07e5deb02d76958d2,3,text,N,4.0
5dcd5aa07e5deb02d76958d2,3,text,N,4.0
5dcd5aa07e5deb02d76958d2,3,text,N,4.0
595bd5c85ae9a80001ce3426,3,text,I,9.0
595bd5c85ae9a80001ce3426,3,text,I,4.0
595bd5c85ae9a80001ce3426,3,text,I,6.0
595bd5c85ae9a80001ce3426,3,text,I,4.0
595bd5c85ae9a80001ce3426,3,text,I,4.0
595bd5c85ae9a80001ce3426,3,text,I,4.0
595bd5c85ae9a80001ce3426,2,text,I,8.0
595bd5c85ae9a80001ce3426,2,text,I,4.0
595bd5c85ae9a80001ce3426,2,text,I,4.0
595bd5c85ae9a80001ce3426,2,text,I,4.0
595bd5c85ae9a80001ce3426,2,text,I,5.0
595bd5c85ae9a80001ce3426,2,text,I,4.0
595bd5c85ae9a80001ce3426,1,text,I,8.0
595bd5c85ae9a80001ce3426,1,text,I,4.0
595bd5c85ae9a80001ce3426,1,text,I,4.0
595bd5c85ae9a80001ce3426,1,text,I,4.0
595bd5c85ae9a80001ce3426,1,text,I,4.0
595bd5c85ae9a80001ce3426,1,text,I,4.0
5f64f12fc0570701c3bfbe7a,3,image,I,4.0
5f64f12fc0570701c3bfbe7a,3,image,I,4.0
5f64f12fc0570701c3bfbe7a,3,image,I,5.0
5f64f12fc0570701c3bfbe7a,3,image,I,4.0
5f64f12fc0570701c3bfbe7a,3,image,I,5.0
5f64f12fc0570701c3bfbe7a,3,image,I,5.0
5f64f12fc0570701c3bfbe7a,3,image,I,5.0
5f64f12fc0570701c3bfbe7a,3,image,I,4.0
5f64f12fc0570701c3bfbe7a,3,image,I,5.0
5f64f12fc0570701c3bfbe7a,3,image,I,5.0
5f64f12fc0570701c3bfbe7a,3,image,I,6.0
5f64f12fc0570701c3bfbe7a,3,image,I,5.0
5f64f12fc0570701c3bfbe7a,3,image,I,4.0
5f64f12fc0570701c3bfbe7a,3,image,I,4.0
5f64f12fc0570701c3bfbe7a,3,image,I,4.0
5f64f12fc0570701c3bfbe7a,3,image,I,4.0
5f64f12fc0570701c3bfbe7a,3,image,I,4.0
5f64f12fc0570701c3bfbe7a,3,image,I,4.0
5f64f12fc0570701c3bfbe7a,3,image,I,5.0
5f64f12fc0570701c3bfbe7a,3,image,I,7.0
5f64f12fc0570701c3bfbe7a,1,image,I,5.0
5f64f12fc0570701c3bfbe7a,1,image,I,4.0
5f64f12fc0570701c3bfbe7a,1,image,I,4.0
5f64f12fc0570701c3bfbe7a,1,image,I,6.0
5f64f12fc0570701c3bfbe7a,1,image,I,6.0
5f64f12fc0570701c3bfbe7a,1,image,I,4.0
5f64f12fc0570701c3bfbe7a,1,image,I,4.0
5f64f12fc0570701c3bfbe7a,2,image,I,10.0
5f64f12fc0570701c3bfbe7a,2,image,I,5.0
5f64f12fc0570701c3bfbe7a,2,image,I,4.0
5f64f12fc0570701c3bfbe7a,2,image,I,4.0
5f64f12fc0570701c3bfbe7a,2,image,I,4.0
5f64f12fc0570701c3bfbe7a,2,image,I,5.0
602e757b94c5aea0de8a57ca,3,image,N,4.0
602e757b94c5aea0de8a57ca,3,image,N,5.0
602e757b94c5aea0de8a57ca,3,image,N,6.0
602e757b94c5aea0de8a57ca,3,image,N,4.0
602e757b94c5aea0de8a57ca,3,image,N,5.0
602e757b94c5aea0de8a57ca,3,image,N,8.0
602e757b94c5aea0de8a57ca,1,image,N,18.0
602e757b94c5aea0de8a57ca,1,image,N,5.0
602e757b94c5aea0de8a57ca,1,image,N,14.0
602e757b94c5aea0de8a57ca,1,image,N,4.0
602e757b94c5aea0de8a57ca,1,image,N,5.0
602e757b94c5aea0de8a57ca,1,image,N,4.0
602e757b94c5aea0de8a57ca,2,image,N,8.0
602e757b94c5aea0de8a57ca,2,image,N,4.0
602e757b94c5aea0de8a57ca,2,image,N,4.0
602e757b94c5aea0de8a57ca,2,image,N,5.0
602e757b94c5aea0de8a57ca,2,image,N,4.0
602e757b94c5aea0de8a57ca,2,image,N,4.0
60d96d582f946a04161d162d,3,image,I,9.0
60d96d582f946a04161d162d,3,image,I,5.0
60d96d582f946a04161d162d,3,image,I,6.0
60d96d582f946a04161d162d,3,image,I,4.0
60d96d582f946a04161d162d,3,image,I,6.0
60d96d582f946a04161d162d,3,image,I,5.0
60d96d582f946a04161d162d,3,image,I,5.0
60d96d582f946a04161d162d,1,image,I,10.0
60d96d582f946a04161d162d,1,image,I,4.0
60d96d582f946a04161d162d,1,image,I,4.0
60d96d582f946a04161d162d,1,image,I,4.0
60d96d582f946a04161d162d,1,image,I,5.0
60d96d582f946a04161d162d,1,image,I,4.0
60d96d582f946a04161d162d,1,image,I,4.0
60d96d582f946a04161d162d,2,image,I,8.0
60d96d582f946a04161d162d,2,image,I,4.0
60d96d582f946a04161d162d,2,image,I,4.0
60d96d582f946a04161d162d,2,image,I,6.0
60d96d582f946a04161d162d,2,image,I,6.0
60d96d582f946a04161d162d,2,image,I,8.0
60d96d582f946a04161d162d,2,image,I,6.0
60a57ec89138a40a4a5acc63,1,image,E,4.0
60a57ec89138a40a4a5acc63,1,image,E,6.0
60a57ec89138a40a4a5acc63,1,image,E,4.0
60a57ec89138a40a4a5acc63,1,image,E,4.0
60a57ec89138a40a4a5acc63,1,image,E,4.0
60a57ec89138a40a4a5acc63,1,image,E,4.0
60a57ec89138a40a4a5acc63,1,image,E,5.0
60a57ec89138a40a4a5acc63,1,image,E,4.0
60a57ec89138a40a4a5acc63,1,image,E,6.0
60a57ec89138a40a4a5acc63,1,image,E,4.0
60a57ec89138a40a4a5acc63,1,image,E,7.0
60a57ec89138a40a4a5acc63,1,image,E,4.0
60a57ec89138a40a4a5acc63,1,image,E,4.0
60a57ec89138a40a4a5acc63,1,image,E,4.0
60a57ec89138a40a4a5acc63,1,image,E,4.0
60a57ec89138a40a4a5acc63,1,image,E,6.0
60a57ec89138a40a4a5acc63,1,image,E,4.0
60a57ec89138a40a4a5acc63,1,image,E,4.0
60a57ec89138a40a4a5acc63,1,image,E,4.0
60a57ec89138a40a4a5acc63,1,image,E,4.0
60a57ec89138a40a4a5acc63,2,image,E,4.0
60a57ec89138a40a4a5acc63,2,image,E,4.0
60a57ec89138a40a4a5acc63,2,image,E,4.0
60a57ec89138a40a4a5acc63,2,image,E,4.0
60a57ec89138a40a4a5acc63,2,image,E,7.0
60a57ec89138a40a4a5acc63,2,image,E,5.0
60a57ec89138a40a4a5acc63,2,image,E,4.0
60a57ec89138a40a4a5acc63,2,image,E,4.0
60a57ec89138a40a4a5acc63,2,image,E,4.0
60a57ec89138a40a4a5acc63,2,image,E,4.0
60a57ec89138a40a4a5acc63,2,image,E,4.0
60a57ec89138a40a4a5acc63,2,image,E,4.0
60a57ec89138a40a4a5acc63,2,image,E,4.0
60a57ec89138a40a4a5acc63,2,image,E,4.0
60a57ec89138a40a4a5acc63,2,image,E,6.0
60a57ec89138a40a4a5acc63,2,image,E,4.0
60a57ec89138a40a4a5acc63,2,image,E,5.0
60a57ec89138a40a4a5acc63,2,image,E,4.0
60a57ec89138a40a4a5acc63,2,image,E,4.0
60a57ec89138a40a4a5acc63,2,image,E,5.0
60a57ec89138a40a4a5acc63,3,image,E,4.0
60a57ec89138a40a4a5acc63,3,image,E,4.0
60a57ec89138a40a4a5acc63,3,image,E,4.0
60a57ec89138a40a4a5acc63,3,image,E,5.0
60a57ec89138a40a4a5acc63,3,image,E,5.0
60a57ec89138a40a4a5acc63,3,image,E,4.0
60a57ec89138a40a4a5acc63,3,image,E,4.0
60a57ec89138a40a4a5acc63,3,image,E,4.0
60a57ec89138a40a4a5acc63,3,image,E,4.0
60a57ec89138a40a4a5acc63,3,image,E,4.0
60a57ec89138a40a4a5acc63,3,image,E,4.0
60a57ec89138a40a4a5acc63,3,image,E,4.0
60a57ec89138a40a4a5acc63,3,image,E,4.0
60a57ec89138a40a4a5acc63,3,image,E,4.0
60a57ec89138a40a4a5acc63,3,image,E,4.0
60a57ec89138a40a4a5acc63,3,image,E,5.0
60a57ec89138a40a4a5acc63,3,image,E,5.0
60a57ec89138a40a4a5acc63,3,image,E,4.0
60a57ec89138a40a4a5acc63,3,image,E,4.0
60a57ec89138a40a4a5acc63,3,image,E,5.0
60a256f83ef6ada5debc47a9,1,image,N,10.0
60a256f83ef6ada5debc47a9,1,image,N,4.0
60a256f83ef6ada5debc47a9,1,image,N,4.0
60a256f83ef6ada5debc47a9,1,image,N,4.0
60a256f83ef6ada5debc47a9,1,image,N,7.0
60a256f83ef6ada5debc47a9,1,image,N,5.0
60a256f83ef6ada5debc47a9,1,image,N,5.0
60a256f83ef6ada5debc47a9,2,image,N,15.0
60a256f83ef6ada5debc47a9,2,image,N,5.0
60a256f83ef6ada5debc47a9,2,image,N,4.0
60a256f83ef6ada5debc47a9,2,image,N,7.0
60a256f83ef6ada5debc47a9,2,image,N,6.0
60a256f83ef6ada5debc47a9,2,image,N,5.0
60a256f83ef6ada5debc47a9,2,image,N,4.0
60a256f83ef6ada5debc47a9,2,image,N,8.0
60a256f83ef6ada5debc47a9,3,image,N,16.0
60a256f83ef6ada5debc47a9,3,image,N,4.0
60a256f83ef6ada5debc47a9,3,image,N,4.0
60a256f83ef6ada5debc47a9,3,image,N,4.0
60a256f83ef6ada5debc47a9,3,image,N,4.0
60a256f83ef6ada5debc47a9,3,image,N,4.0
5f82e997eec0860404c8f790,2,image,N,5.0
5f82e997eec0860404c8f790,2,image,N,4.0
5f82e997eec0860404c8f790,2,image,N,4.0
5f82e997eec0860404c8f790,2,image,N,5.0
5f82e997eec0860404c8f790,2,image,N,4.0
5f82e997eec0860404c8f790,2,image,N,5.0
5f82e997eec0860404c8f790,1,image,N,9.0
5f82e997eec0860404c8f790,1,image,N,4.0
5f82e997eec0860404c8f790,1,image,N,4.0
5f82e997eec0860404c8f790,1,image,N,7.0
5f82e997eec0860404c8f790,1,image,N,5.0
5f82e997eec0860404c8f790,1,image,N,4.0
5f82e997eec0860404c8f790,3,image,N,8.0
5f82e997eec0860404c8f790,3,image,N,5.0
5f82e997eec0860404c8f790,3,image,N,4.0
5f82e997eec0860404c8f790,3,image,N,4.0
5f82e997eec0860404c8f790,3,image,N,8.0
5f82e997eec0860404c8f790,3,image,N,5.0
5f82e997eec0860404c8f790,3,image,N,4.0
5f82e997eec0860404c8f790,3,image,N,5.0
6166c8527a09b5122fcea989,3,image,E,5.0
6166c8527a09b5122fcea989,3,image,E,4.0
6166c8527a09b5122fcea989,3,image,E,4.0
6166c8527a09b5122fcea989,3,image,E,4.0
6166c8527a09b5122fcea989,3,image,E,4.0
6166c8527a09b5122fcea989,3,image,E,7.0
6166c8527a09b5122fcea989,3,image,E,5.0
6166c8527a09b5122fcea989,3,image,E,4.0
6166c8527a09b5122fcea989,3,image,E,6.0
6166c8527a09b5122fcea989,3,image,E,4.0
6166c8527a09b5122fcea989,3,image,E,4.0
6166c8527a09b5122fcea989,3,image,E,6.0
6166c8527a09b5122fcea989,3,image,E,5.0
6166c8527a09b5122fcea989,3,image,E,4.0
6166c8527a09b5122fcea989,3,image,E,4.0
6166c8527a09b5122fcea989,3,image,E,4.0
6166c8527a09b5122fcea989,3,image,E,4.0
6166c8527a09b5122fcea989,3,image,E,4.0
6166c8527a09b5122fcea989,2,image,E,8.0
6166c8527a09b5122fcea989,2,image,E,4.0
6166c8527a09b5122fcea989,2,image,E,5.0
6166c8527a09b5122fcea989,2,image,E,4.0
6166c8527a09b5122fcea989,2,image,E,4.0
6166c8527a09b5122fcea989,2,image,E,4.0
6166c8527a09b5122fcea989,2,image,E,4.0
6166c8527a09b5122fcea989,1,image,E,8.0
6166c8527a09b5122fcea989,1,image,E,4.0
6166c8527a09b5122fcea989,1,image,E,4.0
6166c8527a09b5122fcea989,1,image,E,4.0
6166c8527a09b5122fcea989,1,image,E,4.0
6166c8527a09b5122fcea989,1,image,E,6.0
5ef0a7a320e4520009b3af18,1,image,I,4.0
5ef0a7a320e4520009b3af18,1,image,I,4.0
5ef0a7a320e4520009b3af18,1,image,I,4.0
5ef0a7a320e4520009b3af18,1,image,I,4.0
5ef0a7a320e4520009b3af18,1,image,I,4.0
5ef0a7a320e4520009b3af18,1,image,I,4.0
5ef0a7a320e4520009b3af18,1,image,I,4.0
5ef0a7a320e4520009b3af18,3,image,I,8.0
5ef0a7a320e4520009b3af18,3,image,I,4.0
5ef0a7a320e4520009b3af18,3,image,I,4.0
5ef0a7a320e4520009b3af18,3,image,I,4.0
5ef0a7a320e4520009b3af18,3,image,I,4.0
5ef0a7a320e4520009b3af18,3,image,I,4.0
5ef0a7a320e4520009b3af18,2,image,I,8.0
5ef0a7a320e4520009b3af18,2,image,I,4.0
5ef0a7a320e4520009b3af18,2,image,I,4.0
5ef0a7a320e4520009b3af18,2,image,I,4.0
5ef0a7a320e4520009b3af18,2,image,I,4.0
5ef0a7a320e4520009b3af18,2,image,I,4.0
59cbec4f0aaf750001213f9c,1,image,E,6.0
59cbec4f0aaf750001213f9c,1,image,E,4.0
59cbec4f0aaf750001213f9c,1,image,E,4.0
59cbec4f0aaf750001213f9c,1,image,E,4.0
59cbec4f0aaf750001213f9c,1,image,E,4.0
59cbec4f0aaf750001213f9c,1,image,E,4.0
59cbec4f0aaf750001213f9c,1,image,E,5.0
59cbec4f0aaf750001213f9c,1,image,E,5.0
59cbec4f0aaf750001213f9c,3,image,E,11.0
59cbec4f0aaf750001213f9c,3,image,E,4.0
59cbec4f0aaf750001213f9c,3,image,E,4.0
59cbec4f0aaf750001213f9c,3,image,E,7.0
59cbec4f0aaf750001213f9c,3,image,E,6.0
59cbec4f0aaf750001213f9c,3,image,E,4.0
59cbec4f0aaf750001213f9c,3,image,E,4.0
59cbec4f0aaf750001213f9c,3,image,E,5.0
59cbec4f0aaf750001213f9c,3,image,E,7.0
59cbec4f0aaf750001213f9c,3,image,E,4.0
59cbec4f0aaf750001213f9c,2,image,E,8.0
59cbec4f0aaf750001213f9c,2,image,E,9.0
59cbec4f0aaf750001213f9c,2,image,E,4.0
59cbec4f0aaf750001213f9c,2,image,E,6.0
59cbec4f0aaf750001213f9c,2,image,E,5.0
59cbec4f0aaf750001213f9c,2,image,E,4.0
6093c19a7a851064a7684f66,1,image,I,7.0
6093c19a7a851064a7684f66,1,image,I,4.0
6093c19a7a851064a7684f66,1,image,I,5.0
6093c19a7a851064a7684f66,1,image,I,5.0
6093c19a7a851064a7684f66,1,image,I,9.0
6093c19a7a851064a7684f66,1,image,I,4.0
6093c19a7a851064a7684f66,3,image,I,8.0
6093c19a7a851064a7684f66,3,image,I,4.0
6093c19a7a851064a7684f66,3,image,I,4.0
6093c19a7a851064a7684f66,3,image,I,4.0
6093c19a7a851064a7684f66,3,image,I,4.0
6093c19a7a851064a7684f66,3,image,I,4.0
6093c19a7a851064a7684f66,2,image,I,9.0
6093c19a7a851064a7684f66,2,image,I,5.0
6093c19a7a851064a7684f66,2,image,I,5.0
6093c19a7a851064a7684f66,2,image,I,4.0
6093c19a7a851064a7684f66,2,image,I,6.0
6093c19a7a851064a7684f66,2,image,I,4.0
6093c19a7a851064a7684f66,2,image,I,6.0
6093c19a7a851064a7684f66,2,image,I,7.0
5c73a8b843afac0001428e6a,3,image,E,6.0
5c73a8b843afac0001428e6a,3,image,E,4.0
5c73a8b843afac0001428e6a,3,image,E,4.0
5c73a8b843afac0001428e6a,3,image,E,4.0
5c73a8b843afac0001428e6a,3,image,E,4.0
5c73a8b843afac0001428e6a,3,image,E,4.0
5c73a8b843afac0001428e6a,3,image,E,5.0
5c73a8b843afac0001428e6a,3,image,E,4.0
5c73a8b843afac0001428e6a,3,image,E,5.0
5c73a8b843afac0001428e6a,3,image,E,4.0
5c73a8b843afac0001428e6a,3,image,E,5.0
5c73a8b843afac0001428e6a,3,image,E,4.0
5c73a8b843afac0001428e6a,3,image,E,5.0
5c73a8b843afac0001428e6a,3,image,E,4.0
5c73a8b843afac0001428e6a,3,image,E,4.0
5c73a8b843afac0001428e6a,3,image,E,4.0
5c73a8b843afac0001428e6a,3,image,E,6.0
5c73a8b843afac0001428e6a,3,image,E,4.0
5c73a8b843afac0001428e6a,3,image,E,4.0
5c73a8b843afac0001428e6a,3,image,E,5.0
5c73a8b843afac0001428e6a,2,image,E,4.0
5c73a8b843afac0001428e6a,2,image,E,6.0
5c73a8b843afac0001428e6a,2,image,E,5.0
5c73a8b843afac0001428e6a,2,image,E,6.0
5c73a8b843afac0001428e6a,2,image,E,5.0
5c73a8b843afac0001428e6a,2,image,E,6.0
5c73a8b843afac0001428e6a,2,image,E,4.0
5c73a8b843afac0001428e6a,2,image,E,4.0
5c73a8b843afac0001428e6a,2,image,E,4.0
5c73a8b843afac0001428e6a,2,image,E,7.0
5c73a8b843afac0001428e6a,2,image,E,4.0
5c73a8b843afac0001428e6a,2,image,E,5.0
5c73a8b843afac0001428e6a,2,image,E,5.0
5c73a8b843afac0001428e6a,2,image,E,4.0
5c73a8b843afac0001428e6a,2,image,E,5.0
5c73a8b843afac0001428e6a,2,image,E,4.0
5c73a8b843afac0001428e6a,2,image,E,7.0
5c73a8b843afac0001428e6a,2,image,E,4.0
5c73a8b843afac0001428e6a,2,image,E,4.0
5c73a8b843afac0001428e6a,2,image,E,5.0
5c73a8b843afac0001428e6a,1,image,E,4.0
5c73a8b843afac0001428e6a,1,image,E,6.0
5c73a8b843afac0001428e6a,1,image,E,5.0
5c73a8b843afac0001428e6a,1,image,E,5.0
5c73a8b843afac0001428e6a,1,image,E,5.0
5c73a8b843afac0001428e6a,1,image,E,4.0
5c73a8b843afac0001428e6a,1,image,E,5.0
5c73a8b843afac0001428e6a,1,image,E,4.0
5c73a8b843afac0001428e6a,1,image,E,5.0
5c73a8b843afac0001428e6a,1,image,E,8.0
5c73a8b843afac0001428e6a,1,image,E,5.0
5c73a8b843afac0001428e6a,1,image,E,4.0
5c73a8b843afac0001428e6a,1,image,E,4.0
5c73a8b843afac0001428e6a,1,image,E,4.0
5c73a8b843afac0001428e6a,1,image,E,6.0
5c73a8b843afac0001428e6a,1,image,E,4.0
5c73a8b843afac0001428e6a,1,image,E,6.0
5c73a8b843afac0001428e6a,1,image,E,4.0
5c73a8b843afac0001428e6a,1,image,E,4.0
5c73a8b843afac0001428e6a,1,image,E,5.0
5c6d938c79151c00017c7560,1,image,E,4.0
5c6d938c79151c00017c7560,1,image,E,4.0
5c6d938c79151c00017c7560,1,image,E,4.0
5c6d938c79151c00017c7560,1,image,E,6.0
5c6d938c79151c00017c7560,1,image,E,5.0
5c6d938c79151c00017c7560,1,image,E,4.0
5c6d938c79151c00017c7560,1,image,E,4.0
5c6d938c79151c00017c7560,1,image,E,5.0
5c6d938c79151c00017c7560,1,image,E,4.0
5c6d938c79151c00017c7560,1,image,E,4.0
5c6d938c79151c00017c7560,1,image,E,4.0
5c6d938c79151c00017c7560,1,image,E,4.0
5c6d938c79151c00017c7560,3,image,E,8.0
5c6d938c79151c00017c7560,3,image,E,4.0
5c6d938c79151c00017c7560,3,image,E,4.0
5c6d938c79151c00017c7560,3,image,E,5.0
5c6d938c79151c00017c7560,3,image,E,4.0
5c6d938c79151c00017c7560,3,image,E,4.0
5c6d938c79151c00017c7560,3,image,E,6.0
5c6d938c79151c00017c7560,3,image,E,5.0
5c6d938c79151c00017c7560,3,image,E,6.0
5c6d938c79151c00017c7560,3,image,E,5.0
5c6d938c79151c00017c7560,3,image,E,6.0
5c6d938c79151c00017c7560,3,image,E,5.0
5c6d938c79151c00017c7560,3,image,E,6.0
5c6d938c79151c00017c7560,2,image,E,11.0
5c6d938c79151c00017c7560,2,image,E,4.0
5c6d938c79151c00017c7560,2,image,E,7.0
5c6d938c79151c00017c7560,2,image,E,4.0
5c6d938c79151c00017c7560,2,image,E,5.0
5c6d938c79151c00017c7560,2,image,E,4.0
612c95f4a142b9dc63cc45a0,1,image,I,4.0
612c95f4a142b9dc63cc45a0,1,image,I,4.0
612c95f4a142b9dc63cc45a0,1,image,I,5.0
612c95f4a142b9dc63cc45a0,1,image,I,4.0
612c95f4a142b9dc63cc45a0,1,image,I,5.0
612c95f4a142b9dc63cc45a0,1,image,I,4.0
612c95f4a142b9dc63cc45a0,1,image,I,5.0
612c95f4a142b9dc63cc45a0,1,image,I,4.0
612c95f4a142b9dc63cc45a0,1,image,I,4.0
612c95f4a142b9dc63cc45a0,1,image,I,4.0
612c95f4a142b9dc63cc45a0,1,image,I,4.0
612c95f4a142b9dc63cc45a0,1,image,I,5.0
612c95f4a142b9dc63cc45a0,1,image,I,4.0
612c95f4a142b9dc63cc45a0,2,image,I,8.0
612c95f4a142b9dc63cc45a0,2,image,I,4.0
612c95f4a142b9dc63cc45a0,2,image,I,6.0
612c95f4a142b9dc63cc45a0,2,image,I,4.0
612c95f4a142b9dc63cc45a0,2,image,I,5.0
612c95f4a142b9dc63cc45a0,2,image,I,4.0
612c95f4a142b9dc63cc45a0,3,image,I,9.0
612c95f4a142b9dc63cc45a0,3,image,I,4.0
612c95f4a142b9dc63cc45a0,3,image,I,4.0
612c95f4a142b9dc63cc45a0,3,image,I,5.0
612c95f4a142b9dc63cc45a0,3,image,I,4.0
612c95f4a142b9dc63cc45a0,3,image,I,4.0
6109d60c4aae2cc46ce9aaf7,3,image,E,4.0
6109d60c4aae2cc46ce9aaf7,3,image,E,4.0
6109d60c4aae2cc46ce9aaf7,3,image,E,4.0
6109d60c4aae2cc46ce9aaf7,3,image,E,4.0
6109d60c4aae2cc46ce9aaf7,3,image,E,4.0
6109d60c4aae2cc46ce9aaf7,3,image,E,6.0
6109d60c4aae2cc46ce9aaf7,2,image,E,11.0
6109d60c4aae2cc46ce9aaf7,2,image,E,5.0
6109d60c4aae2cc46ce9aaf7,2,image,E,9.0
6109d60c4aae2cc46ce9aaf7,2,image,E,4.0
6109d60c4aae2cc46ce9aaf7,2,image,E,4.0
6109d60c4aae2cc46ce9aaf7,2,image,E,5.0
6109d60c4aae2cc46ce9aaf7,2,image,E,5.0
6109d60c4aae2cc46ce9aaf7,2,image,E,5.0
6109d60c4aae2cc46ce9aaf7,2,image,E,4.0
6109d60c4aae2cc46ce9aaf7,1,image,E,9.0
6109d60c4aae2cc46ce9aaf7,1,image,E,6.0
6109d60c4aae2cc46ce9aaf7,1,image,E,4.0
6109d60c4aae2cc46ce9aaf7,1,image,E,6.0
6109d60c4aae2cc46ce9aaf7,1,image,E,5.0
6109d60c4aae2cc46ce9aaf7,1,image,E,4.0
6109d60c4aae2cc46ce9aaf7,1,image,E,4.0
60d102d6cb41f508b8174aa6,1,image,N,4.0
60d102d6cb41f508b8174aa6,1,image,N,6.0
60d102d6cb41f508b8174aa6,1,image,N,4.0
60d102d6cb41f508b8174aa6,1,image,N,4.0
60d102d6cb41f508b8174aa6,1,image,N,6.0
60d102d6cb41f508b8174aa6,1,image,N,5.0
60d102d6cb41f508b8174aa6,1,image,N,6.0
60d102d6cb41f508b8174aa6,3,image,N,11.0
60d102d6cb41f508b8174aa6,3,image,N,5.0
60d102d6cb41f508b8174aa6,3,image,N,4.0
60d102d6cb41f508b8174aa6,3,image,N,4.0
60d102d6cb41f508b8174aa6,3,image,N,4.0
60d102d6cb41f508b8174aa6,3,image,N,4.0
60d102d6cb41f508b8174aa6,3,image,N,4.0
60d102d6cb41f508b8174aa6,2,image,N,8.0
60d102d6cb41f508b8174aa6,2,image,N,6.0
60d102d6cb41f508b8174aa6,2,image,N,4.0
60d102d6cb41f508b8174aa6,2,image,N,4.0
60d102d6cb41f508b8174aa6,2,image,N,4.0
60d102d6cb41f508b8174aa6,2,image,N,4.0
6150c67f0ff4d92f7621a1b3,2,image,N,4.0
6150c67f0ff4d92f7621a1b3,2,image,N,4.0
6150c67f0ff4d92f7621a1b3,2,image,N,4.0
6150c67f0ff4d92f7621a1b3,2,image,N,4.0
6150c67f0ff4d92f7621a1b3,2,image,N,4.0
6150c67f0ff4d92f7621a1b3,2,image,N,4.0
6150c67f0ff4d92f7621a1b3,1,image,N,9.0
6150c67f0ff4d92f7621a1b3,1,image,N,4.0
6150c67f0ff4d92f7621a1b3,1,image,N,4.0
6150c67f0ff4d92f7621a1b3,1,image,N,4.0
6150c67f0ff4d92f7621a1b3,1,image,N,4.0
6150c67f0ff4d92f7621a1b3,1,image,N,4.0
6150c67f0ff4d92f7621a1b3,3,image,N,8.0
6150c67f0ff4d92f7621a1b3,3,image,N,4.0
6150c67f0ff4d92f7621a1b3,3,image,N,4.0
6150c67f0ff4d92f7621a1b3,3,image,N,4.0
6150c67f0ff4d92f7621a1b3,3,image,N,5.0
6150c67f0ff4d92f7621a1b3,3,image,N,4.0
60db1aa26a738eacd0a5e22f,2,image,N,4.0
60db1aa26a738eacd0a5e22f,2,image,N,4.0
60db1aa26a738eacd0a5e22f,2,image,N,4.0
60db1aa26a738eacd0a5e22f,2,image,N,4.0
60db1aa26a738eacd0a5e22f,2,image,N,5.0
60db1aa26a738eacd0a5e22f,2,image,N,5.0
60db1aa26a738eacd0a5e22f,2,image,N,4.0
60db1aa26a738eacd0a5e22f,2,image,N,4.0
60db1aa26a738eacd0a5e22f,2,image,N,4.0
60db1aa26a738eacd0a5e22f,2,image,N,4.0
60db1aa26a738eacd0a5e22f,2,image,N,4.0
60db1aa26a738eacd0a5e22f,2,image,N,4.0
60db1aa26a738eacd0a5e22f,2,image,N,4.0
60db1aa26a738eacd0a5e22f,2,image,N,4.0
60db1aa26a738eacd0a5e22f,2,image,N,4.0
60db1aa26a738eacd0a5e22f,2,image,N,4.0
60db1aa26a738eacd0a5e22f,2,image,N,4.0
60db1aa26a738eacd0a5e22f,2,image,N,4.0
60db1aa26a738eacd0a5e22f,2,image,N,4.0
60db1aa26a738eacd0a5e22f,2,image,N,5.0
60db1aa26a738eacd0a5e22f,1,image,N,4.0
60db1aa26a738eacd0a5e22f,1,image,N,4.0
60db1aa26a738eacd0a5e22f,1,image,N,4.0
60db1aa26a738eacd0a5e22f,1,image,N,7.0
60db1aa26a738eacd0a5e22f,1,image,N,4.0
60db1aa26a738eacd0a5e22f,1,image,N,4.0
60db1aa26a738eacd0a5e22f,1,image,N,4.0
60db1aa26a738eacd0a5e22f,1,image,N,4.0
60db1aa26a738eacd0a5e22f,1,image,N,8.0
60db1aa26a738eacd0a5e22f,1,image,N,4.0
60db1aa26a738eacd0a5e22f,1,image,N,5.0
60db1aa26a738eacd0a5e22f,1,image,N,4.0
60db1aa26a738eacd0a5e22f,1,image,N,4.0
60db1aa26a738eacd0a5e22f,1,image,N,4.0
60db1aa26a738eacd0a5e22f,1,image,N,4.0
60db1aa26a738eacd0a5e22f,1,image,N,4.0
60db1aa26a738eacd0a5e22f,1,image,N,4.0
60db1aa26a738eacd0a5e22f,1,image,N,4.0
60db1aa26a738eacd0a5e22f,1,image,N,4.0
60db1aa26a738eacd0a5e22f,1,image,N,4.0
60db1aa26a738eacd0a5e22f,3,image,N,5.0
60db1aa26a738eacd0a5e22f,3,image,N,5.0
60db1aa26a738eacd0a5e22f,3,image,N,4.0
60db1aa26a738eacd0a5e22f,3,image,N,6.0
60db1aa26a738eacd0a5e22f,3,image,N,9.0
60db1aa26a738eacd0a5e22f,3,image,N,4.0
60db1aa26a738eacd0a5e22f,3,image,N,5.0
60db1aa26a738eacd0a5e22f,3,image,N,6.0
60db1aa26a738eacd0a5e22f,3,image,N,5.0
60db1aa26a738eacd0a5e22f,3,image,N,4.0
60db1aa26a738eacd0a5e22f,3,image,N,4.0
60db1aa26a738eacd0a5e22f,3,image,N,5.0
60db1aa26a738eacd0a5e22f,3,image,N,4.0
60db1aa26a738eacd0a5e22f,3,image,N,4.0
60db1aa26a738eacd0a5e22f,3,image,N,4.0
60db1aa26a738eacd0a5e22f,3,image,N,4.0
60db1aa26a738eacd0a5e22f,3,image,N,5.0
60db1aa26a738eacd0a5e22f,3,image,N,4.0
60db1aa26a738eacd0a5e22f,3,image,N,4.0
60db1aa26a738eacd0a5e22f,3,image,N,4.0
6133586c82c52424d8d5ed6a,2,image,N,5.0
6133586c82c52424d8d5ed6a,2,image,N,4.0
6133586c82c52424d8d5ed6a,2,image,N,4.0
6133586c82c52424d8d5ed6a,2,image,N,4.0
6133586c82c52424d8d5ed6a,2,image,N,6.0
6133586c82c52424d8d5ed6a,2,image,N,4.0
6133586c82c52424d8d5ed6a,1,image,N,8.0
6133586c82c52424d8d5ed6a,1,image,N,4.0
6133586c82c52424d8d5ed6a,1,image,N,4.0
6133586c82c52424d8d5ed6a,1,image,N,4.0
6133586c82c52424d8d5ed6a,1,image,N,4.0
6133586c82c52424d8d5ed6a,1,image,N,4.0
6133586c82c52424d8d5ed6a,3,image,N,8.0
6133586c82c52424d8d5ed6a,3,image,N,4.0
6133586c82c52424d8d5ed6a,3,image,N,4.0
6133586c82c52424d8d5ed6a,3,image,N,4.0
6133586c82c52424d8d5ed6a,3,image,N,4.0
6133586c82c52424d8d5ed6a,3,image,N,5.0
5a0faf7a120fb3000194961d,2,image,I,10.0
5a0faf7a120fb3000194961d,2,image,I,8.0
5a0faf7a120fb3000194961d,2,image,I,5.0
5a0faf7a120fb3000194961d,2,image,I,4.0
5a0faf7a120fb3000194961d,2,image,I,4.0
5a0faf7a120fb3000194961d,2,image,I,4.0
5a0faf7a120fb3000194961d,2,image,I,6.0
5a0faf7a120fb3000194961d,2,image,I,4.0
5a0faf7a120fb3000194961d,2,image,I,5.0
5a0faf7a120fb3000194961d,2,image,I,6.0
5a0faf7a120fb3000194961d,2,image,I,5.0
5a0faf7a120fb3000194961d,2,image,I,4.0
5a0faf7a120fb3000194961d,2,image,I,4.0
5a0faf7a120fb3000194961d,2,image,I,6.0
5a0faf7a120fb3000194961d,2,image,I,4.0
5a0faf7a120fb3000194961d,2,image,I,4.0
5a0faf7a120fb3000194961d,2,image,I,9.0
5a0faf7a120fb3000194961d,2,image,I,4.0
5a0faf7a120fb3000194961d,2,image,I,4.0
5a0faf7a120fb3000194961d,2,image,I,4.0
5a0faf7a120fb3000194961d,3,image,I,5.0
5a0faf7a120fb3000194961d,3,image,I,4.0
5a0faf7a120fb3000194961d,3,image,I,4.0
5a0faf7a120fb3000194961d,3,image,I,4.0
5a0faf7a120fb3000194961d,3,image,I,7.0
5a0faf7a120fb3000194961d,3,image,I,7.0
5a0faf7a120fb3000194961d,1,image,I,11.0
5a0faf7a120fb3000194961d,1,image,I,4.0
5a0faf7a120fb3000194961d,1,image,I,5.0
5a0faf7a120fb3000194961d,1,image,I,4.0
5a0faf7a120fb3000194961d,1,image,I,4.0
5a0faf7a120fb3000194961d,1,image,I,4.0
5a0faf7a120fb3000194961d,1,image,I,6.0
5a0faf7a120fb3000194961d,1,image,I,4.0
6166d663ad32ab706018e2e3,1,image,I,4.0
6166d663ad32ab706018e2e3,1,image,I,4.0
6166d663ad32ab706018e2e3,1,image,I,4.0
6166d663ad32ab706018e2e3,1,image,I,4.0
6166d663ad32ab706018e2e3,1,image,I,4.0
6166d663ad32ab706018e2e3,1,image,I,4.0
6166d663ad32ab706018e2e3,3,image,I,8.0
6166d663ad32ab706018e2e3,3,image,I,4.0
6166d663ad32ab706018e2e3,3,image,I,4.0
6166d663ad32ab706018e2e3,3,image,I,4.0
6166d663ad32ab706018e2e3,3,image,I,5.0
6166d663ad32ab706018e2e3,3,image,I,4.0
6166d663ad32ab706018e2e3,2,image,I,8.0
6166d663ad32ab706018e2e3,2,image,I,4.0
6166d663ad32ab706018e2e3,2,image,I,4.0
6166d663ad32ab706018e2e3,2,image,I,4.0
6166d663ad32ab706018e2e3,2,image,I,4.0
6166d663ad32ab706018e2e3,2,image,I,4.0
5eb17f5f5b4ec12749a65a24,2,mesh,N,4.0
5eb17f5f5b4ec12749a65a24,2,mesh,N,9.0
5eb17f5f5b4ec12749a65a24,2,mesh,N,4.0
5eb17f5f5b4ec12749a65a24,2,mesh,N,6.0
5eb17f5f5b4ec12749a65a24,2,mesh,N,6.0
5eb17f5f5b4ec12749a65a24,2,mesh,N,4.0
5eb17f5f5b4ec12749a65a24,2,mesh,N,4.0
5eb17f5f5b4ec12749a65a24,3,mesh,N,9.0
5eb17f5f5b4ec12749a65a24,3,mesh,N,4.0
5eb17f5f5b4ec12749a65a24,3,mesh,N,4.0
5eb17f5f5b4ec12749a65a24,3,mesh,N,4.0
5eb17f5f5b4ec12749a65a24,3,mesh,N,4.0
5eb17f5f5b4ec12749a65a24,3,mesh,N,6.0
5eb17f5f5b4ec12749a65a24,3,mesh,N,4.0
5eb17f5f5b4ec12749a65a24,1,mesh,N,9.0
5eb17f5f5b4ec12749a65a24,1,mesh,N,8.0
5eb17f5f5b4ec12749a65a24,1,mesh,N,4.0
5eb17f5f5b4ec12749a65a24,1,mesh,N,6.0
5eb17f5f5b4ec12749a65a24,1,mesh,N,4.0
5eb17f5f5b4ec12749a65a24,1,mesh,N,4.0
5e767f6c99df851e0e93c629,3,mesh,E,4.0
5e767f6c99df851e0e93c629,3,mesh,E,4.0
5e767f6c99df851e0e93c629,3,mesh,E,4.0
5e767f6c99df851e0e93c629,3,mesh,E,4.0
5e767f6c99df851e0e93c629,3,mesh,E,4.0
5e767f6c99df851e0e93c629,3,mesh,E,4.0
5e767f6c99df851e0e93c629,3,mesh,E,7.0
5e767f6c99df851e0e93c629,1,mesh,E,11.0
5e767f6c99df851e0e93c629,1,mesh,E,4.0
5e767f6c99df851e0e93c629,1,mesh,E,5.0
5e767f6c99df851e0e93c629,1,mesh,E,4.0
5e767f6c99df851e0e93c629,1,mesh,E,5.0
5e767f6c99df851e0e93c629,1,mesh,E,5.0
5e767f6c99df851e0e93c629,2,mesh,E,9.0
5e767f6c99df851e0e93c629,2,mesh,E,5.0
5e767f6c99df851e0e93c629,2,mesh,E,6.0
5e767f6c99df851e0e93c629,2,mesh,E,4.0
5e767f6c99df851e0e93c629,2,mesh,E,4.0
5e767f6c99df851e0e93c629,2,mesh,E,5.0
5e767f6c99df851e0e93c629,2,mesh,E,4.0
602ad4a0805527185ca10247,1,mesh,I,4.0
602ad4a0805527185ca10247,1,mesh,I,12.0
602ad4a0805527185ca10247,1,mesh,I,4.0
602ad4a0805527185ca10247,1,mesh,I,5.0
602ad4a0805527185ca10247,1,mesh,I,8.0
602ad4a0805527185ca10247,1,mesh,I,4.0
602ad4a0805527185ca10247,1,mesh,I,4.0
602ad4a0805527185ca10247,1,mesh,I,6.0
602ad4a0805527185ca10247,1,mesh,I,4.0
602ad4a0805527185ca10247,1,mesh,I,4.0
602ad4a0805527185ca10247,1,mesh,I,4.0
602ad4a0805527185ca10247,2,mesh,I,8.0
602ad4a0805527185ca10247,2,mesh,I,4.0
602ad4a0805527185ca10247,2,mesh,I,4.0
602ad4a0805527185ca10247,2,mesh,I,4.0
602ad4a0805527185ca10247,2,mesh,I,4.0
602ad4a0805527185ca10247,2,mesh,I,5.0
602ad4a0805527185ca10247,2,mesh,I,4.0
602ad4a0805527185ca10247,3,mesh,I,8.0
602ad4a0805527185ca10247,3,mesh,I,5.0
602ad4a0805527185ca10247,3,mesh,I,4.0
602ad4a0805527185ca10247,3,mesh,I,5.0
602ad4a0805527185ca10247,3,mesh,I,5.0
602ad4a0805527185ca10247,3,mesh,I,5.0
602ad4a0805527185ca10247,3,mesh,I,4.0
602ad4a0805527185ca10247,3,mesh,I,4.0
602ad4a0805527185ca10247,3,mesh,I,4.0
602ad4a0805527185ca10247,3,mesh,I,4.0
602ad4a0805527185ca10247,3,mesh,I,4.0
602ad4a0805527185ca10247,3,mesh,I,4.0
602ad4a0805527185ca10247,3,mesh,I,4.0
602ad4a0805527185ca10247,3,mesh,I,4.0
602ad4a0805527185ca10247,3,mesh,I,5.0
5ee623674afa60375e30eec3,2,mesh,E,5.0
5ee623674afa60375e30eec3,2,mesh,E,4.0
5ee623674afa60375e30eec3,2,mesh,E,4.0
5ee623674afa60375e30eec3,2,mesh,E,4.0
5ee623674afa60375e30eec3,2,mesh,E,4.0
5ee623674afa60375e30eec3,2,mesh,E,4.0
5ee623674afa60375e30eec3,2,mesh,E,8.0
5ee623674afa60375e30eec3,2,mesh,E,4.0
5ee623674afa60375e30eec3,2,mesh,E,4.0
5ee623674afa60375e30eec3,2,mesh,E,4.0
5ee623674afa60375e30eec3,2,mesh,E,8.0
5ee623674afa60375e30eec3,2,mesh,E,4.0
5ee623674afa60375e30eec3,2,mesh,E,4.0
5ee623674afa60375e30eec3,2,mesh,E,4.0
5ee623674afa60375e30eec3,2,mesh,E,4.0
5ee623674afa60375e30eec3,2,mesh,E,6.0
5ee623674afa60375e30eec3,2,mesh,E,4.0
5ee623674afa60375e30eec3,2,mesh,E,4.0
5ee623674afa60375e30eec3,2,mesh,E,4.0
5ee623674afa60375e30eec3,2,mesh,E,4.0
5ee623674afa60375e30eec3,1,mesh,E,8.0
5ee623674afa60375e30eec3,1,mesh,E,12.0
5ee623674afa60375e30eec3,1,mesh,E,4.0
5ee623674afa60375e30eec3,1,mesh,E,4.0
5ee623674afa60375e30eec3,1,mesh,E,4.0
5ee623674afa60375e30eec3,1,mesh,E,8.0
5ee623674afa60375e30eec3,1,mesh,E,4.0
5ee623674afa60375e30eec3,1,mesh,E,4.0
5ee623674afa60375e30eec3,1,mesh,E,4.0
5ee623674afa60375e30eec3,1,mesh,E,4.0
5ee623674afa60375e30eec3,1,mesh,E,4.0
5ee623674afa60375e30eec3,1,mesh,E,4.0
5ee623674afa60375e30eec3,1,mesh,E,8.0
5ee623674afa60375e30eec3,1,mesh,E,4.0
5ee623674afa60375e30eec3,1,mesh,E,4.0
5ee623674afa60375e30eec3,1,mesh,E,5.0
5ee623674afa60375e30eec3,1,mesh,E,9.0
5ee623674afa60375e30eec3,1,mesh,E,4.0
5ee623674afa60375e30eec3,1,mesh,E,4.0
5ee623674afa60375e30eec3,1,mesh,E,5.0
5ee623674afa60375e30eec3,3,mesh,E,4.0
5ee623674afa60375e30eec3,3,mesh,E,4.0
5ee623674afa60375e30eec3,3,mesh,E,4.0
5ee623674afa60375e30eec3,3,mesh,E,4.0
5ee623674afa60375e30eec3,3,mesh,E,7.0
5ee623674afa60375e30eec3,3,mesh,E,4.0
5ee623674afa60375e30eec3,3,mesh,E,4.0
5ee623674afa60375e30eec3,3,mesh,E,4.0
5ee623674afa60375e30eec3,3,mesh,E,4.0
5ee623674afa60375e30eec3,3,mesh,E,4.0
5ee623674afa60375e30eec3,3,mesh,E,4.0
5ee623674afa60375e30eec3,3,mesh,E,4.0
5ee623674afa60375e30eec3,3,mesh,E,4.0
5ee623674afa60375e30eec3,3,mesh,E,4.0
5ee623674afa60375e30eec3,3,mesh,E,4.0
5ee623674afa60375e30eec3,3,mesh,E,4.0
5ee623674afa60375e30eec3,3,mesh,E,4.0
5ee623674afa60375e30eec3,3,mesh,E,4.0
5ee623674afa60375e30eec3,3,mesh,E,4.0
5ee623674afa60375e30eec3,3,mesh,E,4.0
5f0b339a2906a406fed096f0,2,mesh,I,5.0
5f0b339a2906a406fed096f0,2,mesh,I,4.0
5f0b339a2906a406fed096f0,2,mesh,I,5.0
5f0b339a2906a406fed096f0,2,mesh,I,4.0
5f0b339a2906a406fed096f0,2,mesh,I,4.0
5f0b339a2906a406fed096f0,2,mesh,I,4.0
5f0b339a2906a406fed096f0,2,mesh,I,4.0
5f0b339a2906a406fed096f0,3,mesh,I,10.0
5f0b339a2906a406fed096f0,3,mesh,I,4.0
5f0b339a2906a406fed096f0,3,mesh,I,4.0
5f0b339a2906a406fed096f0,3,mesh,I,5.0
5f0b339a2906a406fed096f0,3,mesh,I,4.0
5f0b339a2906a406fed096f0,3,mesh,I,5.0
5f0b339a2906a406fed096f0,3,mesh,I,4.0
5f0b339a2906a406fed096f0,1,mesh,I,8.0
5f0b339a2906a406fed096f0,1,mesh,I,5.0
5f0b339a2906a406fed096f0,1,mesh,I,4.0
5f0b339a2906a406fed096f0,1,mesh,I,4.0
5f0b339a2906a406fed096f0,1,mesh,I,4.0
5f0b339a2906a406fed096f0,1,mesh,I,4.0
60fc39cce64c39328a7c8904,1,mesh,I,6.0
60fc39cce64c39328a7c8904,1,mesh,I,5.0
60fc39cce64c39328a7c8904,1,mesh,I,4.0
60fc39cce64c39328a7c8904,1,mesh,I,4.0
60fc39cce64c39328a7c8904,1,mesh,I,4.0
60fc39cce64c39328a7c8904,1,mesh,I,4.0
60fc39cce64c39328a7c8904,1,mesh,I,4.0
60fc39cce64c39328a7c8904,1,mesh,I,4.0
60fc39cce64c39328a7c8904,1,mesh,I,4.0
60fc39cce64c39328a7c8904,1,mesh,I,7.0
60fc39cce64c39328a7c8904,1,mesh,I,4.0
60fc39cce64c39328a7c8904,1,mesh,I,6.0
60fc39cce64c39328a7c8904,1,mesh,I,4.0
60fc39cce64c39328a7c8904,2,mesh,I,8.0
60fc39cce64c39328a7c8904,2,mesh,I,4.0
60fc39cce64c39328a7c8904,2,mesh,I,5.0
60fc39cce64c39328a7c8904,2,mesh,I,4.0
60fc39cce64c39328a7c8904,2,mesh,I,4.0
60fc39cce64c39328a7c8904,2,mesh,I,5.0
60fc39cce64c39328a7c8904,3,mesh,I,11.0
60fc39cce64c39328a7c8904,3,mesh,I,4.0
60fc39cce64c39328a7c8904,3,mesh,I,5.0
60fc39cce64c39328a7c8904,3,mesh,I,4.0
60fc39cce64c39328a7c8904,3,mesh,I,4.0
60fc39cce64c39328a7c8904,3,mesh,I,4.0
613efd8304b3c6f1247354bb,1,mesh,E,4.0
613efd8304b3c6f1247354bb,1,mesh,E,6.0
613efd8304b3c6f1247354bb,1,mesh,E,4.0
613efd8304b3c6f1247354bb,1,mesh,E,4.0
613efd8304b3c6f1247354bb,1,mesh,E,4.0
613efd8304b3c6f1247354bb,1,mesh,E,4.0
613efd8304b3c6f1247354bb,2,mesh,E,9.0
613efd8304b3c6f1247354bb,2,mesh,E,4.0
613efd8304b3c6f1247354bb,2,mesh,E,4.0
613efd8304b3c6f1247354bb,2,mesh,E,4.0
613efd8304b3c6f1247354bb,2,mesh,E,4.0
613efd8304b3c6f1247354bb,2,mesh,E,4.0
613efd8304b3c6f1247354bb,3,mesh,E,8.0
613efd8304b3c6f1247354bb,3,mesh,E,4.0
613efd8304b3c6f1247354bb,3,mesh,E,4.0
613efd8304b3c6f1247354bb,3,mesh,E,4.0
613efd8304b3c6f1247354bb,3,mesh,E,4.0
613efd8304b3c6f1247354bb,3,mesh,E,5.0
613e4bf960ca68f8de00e5e7,3,mesh,I,13.0
613e4bf960ca68f8de00e5e7,3,mesh,I,4.0
613e4bf960ca68f8de00e5e7,3,mesh,I,6.0
613e4bf960ca68f8de00e5e7,3,mesh,I,4.0
613e4bf960ca68f8de00e5e7,3,mesh,I,6.0
613e4bf960ca68f8de00e5e7,3,mesh,I,5.0
613e4bf960ca68f8de00e5e7,3,mesh,I,4.0
613e4bf960ca68f8de00e5e7,3,mesh,I,5.0
613e4bf960ca68f8de00e5e7,1,mesh,I,10.0
613e4bf960ca68f8de00e5e7,1,mesh,I,5.0
613e4bf960ca68f8de00e5e7,1,mesh,I,5.0
613e4bf960ca68f8de00e5e7,1,mesh,I,5.0
613e4bf960ca68f8de00e5e7,1,mesh,I,6.0
613e4bf960ca68f8de00e5e7,1,mesh,I,4.0
613e4bf960ca68f8de00e5e7,2,mesh,I,11.0
613e4bf960ca68f8de00e5e7,2,mesh,I,4.0
613e4bf960ca68f8de00e5e7,2,mesh,I,6.0
613e4bf960ca68f8de00e5e7,2,mesh,I,4.0
613e4bf960ca68f8de00e5e7,2,mesh,I,4.0
613e4bf960ca68f8de00e5e7,2,mesh,I,4.0
60e343946a7faddde88fbe3c,3,mesh,I,4.0
60e343946a7faddde88fbe3c,3,mesh,I,4.0
60e343946a7faddde88fbe3c,3,mesh,I,5.0
60e343946a7faddde88fbe3c,3,mesh,I,4.0
60e343946a7faddde88fbe3c,3,mesh,I,4.0
60e343946a7faddde88fbe3c,3,mesh,I,4.0
60e343946a7faddde88fbe3c,3,mesh,I,4.0
60e343946a7faddde88fbe3c,2,mesh,I,8.0
60e343946a7faddde88fbe3c,2,mesh,I,6.0
60e343946a7faddde88fbe3c,2,mesh,I,4.0
60e343946a7faddde88fbe3c,2,mesh,I,6.0
60e343946a7faddde88fbe3c,2,mesh,I,4.0
60e343946a7faddde88fbe3c,2,mesh,I,4.0
60e343946a7faddde88fbe3c,2,mesh,I,4.0
60e343946a7faddde88fbe3c,1,mesh,I,9.0
60e343946a7faddde88fbe3c,1,mesh,I,4.0
60e343946a7faddde88fbe3c,1,mesh,I,4.0
60e343946a7faddde88fbe3c,1,mesh,I,4.0
60e343946a7faddde88fbe3c,1,mesh,I,4.0
60e343946a7faddde88fbe3c,1,mesh,I,4.0
6169e8a8311d269013eb73c7,2,mesh,N,4.0
6169e8a8311d269013eb73c7,2,mesh,N,4.0
6169e8a8311d269013eb73c7,2,mesh,N,4.0
6169e8a8311d269013eb73c7,2,mesh,N,4.0
6169e8a8311d269013eb73c7,2,mesh,N,4.0
6169e8a8311d269013eb73c7,2,mesh,N,5.0
6169e8a8311d269013eb73c7,2,mesh,N,4.0
6169e8a8311d269013eb73c7,2,mesh,N,4.0
6169e8a8311d269013eb73c7,2,mesh,N,4.0
6169e8a8311d269013eb73c7,2,mesh,N,4.0
6169e8a8311d269013eb73c7,2,mesh,N,4.0
6169e8a8311d269013eb73c7,2,mesh,N,4.0
6169e8a8311d269013eb73c7,2,mesh,N,4.0
6169e8a8311d269013eb73c7,2,mesh,N,4.0
6169e8a8311d269013eb73c7,2,mesh,N,5.0
6169e8a8311d269013eb73c7,2,mesh,N,4.0
6169e8a8311d269013eb73c7,2,mesh,N,4.0
6169e8a8311d269013eb73c7,2,mesh,N,4.0
6169e8a8311d269013eb73c7,2,mesh,N,4.0
6169e8a8311d269013eb73c7,2,mesh,N,4.0
6169e8a8311d269013eb73c7,3,mesh,N,4.0
6169e8a8311d269013eb73c7,3,mesh,N,4.0
6169e8a8311d269013eb73c7,3,mesh,N,4.0
6169e8a8311d269013eb73c7,3,mesh,N,4.0
6169e8a8311d269013eb73c7,3,mesh,N,4.0
6169e8a8311d269013eb73c7,3,mesh,N,4.0
6169e8a8311d269013eb73c7,3,mesh,N,4.0
6169e8a8311d269013eb73c7,3,mesh,N,4.0
6169e8a8311d269013eb73c7,3,mesh,N,4.0
6169e8a8311d269013eb73c7,3,mesh,N,4.0
6169e8a8311d269013eb73c7,3,mesh,N,4.0
6169e8a8311d269013eb73c7,3,mesh,N,4.0
6169e8a8311d269013eb73c7,3,mesh,N,4.0
6169e8a8311d269013eb73c7,3,mesh,N,4.0
6169e8a8311d269013eb73c7,3,mesh,N,4.0
6169e8a8311d269013eb73c7,3,mesh,N,6.0
6169e8a8311d269013eb73c7,3,mesh,N,5.0
6169e8a8311d269013eb73c7,3,mesh,N,4.0
6169e8a8311d269013eb73c7,3,mesh,N,4.0
6169e8a8311d269013eb73c7,3,mesh,N,4.0
6169e8a8311d269013eb73c7,1,mesh,N,4.0
6169e8a8311d269013eb73c7,1,mesh,N,4.0
6169e8a8311d269013eb73c7,1,mesh,N,4.0
6169e8a8311d269013eb73c7,1,mesh,N,4.0
6169e8a8311d269013eb73c7,1,mesh,N,4.0
6169e8a8311d269013eb73c7,1,mesh,N,4.0
6169e8a8311d269013eb73c7,1,mesh,N,4.0
6169e8a8311d269013eb73c7,1,mesh,N,4.0
6169e8a8311d269013eb73c7,1,mesh,N,4.0
6169e8a8311d269013eb73c7,1,mesh,N,4.0
6169e8a8311d269013eb73c7,1,mesh,N,4.0
6169e8a8311d269013eb73c7,1,mesh,N,4.0
6169e8a8311d269013eb73c7,1,mesh,N,4.0
6169e8a8311d269013eb73c7,1,mesh,N,4.0
6169e8a8311d269013eb73c7,1,mesh,N,5.0
6169e8a8311d269013eb73c7,1,mesh,N,4.0
6169e8a8311d269013eb73c7,1,mesh,N,4.0
6169e8a8311d269013eb73c7,1,mesh,N,4.0
6169e8a8311d269013eb73c7,1,mesh,N,4.0
6169e8a8311d269013eb73c7,1,mesh,N,5.0
609a7d5287ca8fb83e0780d4,2,mesh,I,4.0
609a7d5287ca8fb83e0780d4,2,mesh,I,4.0
609a7d5287ca8fb83e0780d4,2,mesh,I,4.0
609a7d5287ca8fb83e0780d4,2,mesh,I,4.0
609a7d5287ca8fb83e0780d4,2,mesh,I,4.0
609a7d5287ca8fb83e0780d4,2,mesh,I,4.0
609a7d5287ca8fb83e0780d4,2,mesh,I,5.0
609a7d5287ca8fb83e0780d4,2,mesh,I,4.0
609a7d5287ca8fb83e0780d4,2,mesh,I,4.0
609a7d5287ca8fb83e0780d4,2,mesh,I,4.0
609a7d5287ca8fb83e0780d4,2,mesh,I,4.0
609a7d5287ca8fb83e0780d4,2,mesh,I,5.0
609a7d5287ca8fb83e0780d4,2,mesh,I,4.0
609a7d5287ca8fb83e0780d4,2,mesh,I,4.0
609a7d5287ca8fb83e0780d4,2,mesh,I,4.0
609a7d5287ca8fb83e0780d4,1,mesh,I,8.0
609a7d5287ca8fb83e0780d4,1,mesh,I,4.0
609a7d5287ca8fb83e0780d4,1,mesh,I,4.0
609a7d5287ca8fb83e0780d4,1,mesh,I,5.0
609a7d5287ca8fb83e0780d4,1,mesh,I,4.0
609a7d5287ca8fb83e0780d4,1,mesh,I,4.0
609a7d5287ca8fb83e0780d4,3,mesh,I,8.0
609a7d5287ca8fb83e0780d4,3,mesh,I,4.0
609a7d5287ca8fb83e0780d4,3,mesh,I,4.0
609a7d5287ca8fb83e0780d4,3,mesh,I,4.0
609a7d5287ca8fb83e0780d4,3,mesh,I,4.0
609a7d5287ca8fb83e0780d4,3,mesh,I,4.0
609a7d5287ca8fb83e0780d4,3,mesh,I,4.0
6154918f83e8ca861b23ea04,1,mesh,N,13.0
6154918f83e8ca861b23ea04,1,mesh,N,5.0
6154918f83e8ca861b23ea04,1,mesh,N,5.0
6154918f83e8ca861b23ea04,1,mesh,N,9.0
6154918f83e8ca861b23ea04,1,mesh,N,4.0
6154918f83e8ca861b23ea04,1,mesh,N,4.0
6154918f83e8ca861b23ea04,2,mesh,N,10.0
6154918f83e8ca861b23ea04,2,mesh,N,4.0
6154918f83e8ca861b23ea04,2,mesh,N,4.0
6154918f83e8ca861b23ea04,2,mesh,N,6.0
6154918f83e8ca861b23ea04,2,mesh,N,9.0
6154918f83e8ca861b23ea04,2,mesh,N,5.0
6154918f83e8ca861b23ea04,3,mesh,N,11.0
6154918f83e8ca861b23ea04,3,mesh,N,6.0
6154918f83e8ca861b23ea04,3,mesh,N,4.0
6154918f83e8ca861b23ea04,3,mesh,N,4.0
6154918f83e8ca861b23ea04,3,mesh,N,6.0
6154918f83e8ca861b23ea04,3,mesh,N,6.0
608c349d8e7f57e8f84d3a27,2,mesh,N,10.0
608c349d8e7f57e8f84d3a27,2,mesh,N,6.0
608c349d8e7f57e8f84d3a27,2,mesh,N,4.0
608c349d8e7f57e8f84d3a27,2,mesh,N,4.0
608c349d8e7f57e8f84d3a27,2,mesh,N,4.0
608c349d8e7f57e8f84d3a27,2,mesh,N,9.0
608c349d8e7f57e8f84d3a27,2,mesh,N,4.0
608c349d8e7f57e8f84d3a27,2,mesh,N,4.0
608c349d8e7f57e8f84d3a27,2,mesh,N,4.0
608c349d8e7f57e8f84d3a27,2,mesh,N,4.0
608c349d8e7f57e8f84d3a27,2,mesh,N,4.0
608c349d8e7f57e8f84d3a27,2,mesh,N,4.0
608c349d8e7f57e8f84d3a27,2,mesh,N,4.0
608c349d8e7f57e8f84d3a27,2,mesh,N,4.0
608c349d8e7f57e8f84d3a27,2,mesh,N,4.0
608c349d8e7f57e8f84d3a27,1,mesh,N,8.0
608c349d8e7f57e8f84d3a27,1,mesh,N,4.0
608c349d8e7f57e8f84d3a27,1,mesh,N,4.0
608c349d8e7f57e8f84d3a27,1,mesh,N,4.0
608c349d8e7f57e8f84d3a27,1,mesh,N,5.0
608c349d8e7f57e8f84d3a27,1,mesh,N,4.0
608c349d8e7f57e8f84d3a27,3,mesh,N,8.0
608c349d8e7f57e8f84d3a27,3,mesh,N,4.0
608c349d8e7f57e8f84d3a27,3,mesh,N,4.0
608c349d8e7f57e8f84d3a27,3,mesh,N,4.0
608c349d8e7f57e8f84d3a27,3,mesh,N,4.0
608c349d8e7f57e8f84d3a27,3,mesh,N,4.0
614e82d5717d691f24efffc0,2,mesh,E,4.0
614e82d5717d691f24efffc0,2,mesh,E,4.0
614e82d5717d691f24efffc0,2,mesh,E,4.0
614e82d5717d691f24efffc0,2,mesh,E,5.0
614e82d5717d691f24efffc0,2,mesh,E,4.0
614e82d5717d691f24efffc0,2,mesh,E,4.0
614e82d5717d691f24efffc0,3,mesh,E,8.0
614e82d5717d691f24efffc0,3,mesh,E,4.0
614e82d5717d691f24efffc0,3,mesh,E,4.0
614e82d5717d691f24efffc0,3,mesh,E,7.0
614e82d5717d691f24efffc0,3,mesh,E,5.0
614e82d5717d691f24efffc0,3,mesh,E,4.0
614e82d5717d691f24efffc0,1,mesh,E,8.0
614e82d5717d691f24efffc0,1,mesh,E,4.0
614e82d5717d691f24efffc0,1,mesh,E,4.0
614e82d5717d691f24efffc0,1,mesh,E,4.0
614e82d5717d691f24efffc0,1,mesh,E,4.0
614e82d5717d691f24efffc0,1,mesh,E,4.0
60dbbc0ae0cea5626de2ac0a,3,mesh,N,7.0
60dbbc0ae0cea5626de2ac0a,3,mesh,N,5.0
60dbbc0ae0cea5626de2ac0a,3,mesh,N,4.0
60dbbc0ae0cea5626de2ac0a,3,mesh,N,6.0
60dbbc0ae0cea5626de2ac0a,3,mesh,N,4.0
60dbbc0ae0cea5626de2ac0a,3,mesh,N,5.0
60dbbc0ae0cea5626de2ac0a,3,mesh,N,5.0
60dbbc0ae0cea5626de2ac0a,1,mesh,N,9.0
60dbbc0ae0cea5626de2ac0a,1,mesh,N,5.0
60dbbc0ae0cea5626de2ac0a,1,mesh,N,5.0
60dbbc0ae0cea5626de2ac0a,1,mesh,N,5.0
60dbbc0ae0cea5626de2ac0a,1,mesh,N,5.0
60dbbc0ae0cea5626de2ac0a,1,mesh,N,4.0
60dbbc0ae0cea5626de2ac0a,1,mesh,N,4.0
60dbbc0ae0cea5626de2ac0a,1,mesh,N,5.0
60dbbc0ae0cea5626de2ac0a,2,mesh,N,11.0
60dbbc0ae0cea5626de2ac0a,2,mesh,N,4.0
60dbbc0ae0cea5626de2ac0a,2,mesh,N,5.0
60dbbc0ae0cea5626de2ac0a,2,mesh,N,4.0
60dbbc0ae0cea5626de2ac0a,2,mesh,N,4.0
60dbbc0ae0cea5626de2ac0a,2,mesh,N,5.0
60dbbc0ae0cea5626de2ac0a,2,mesh,N,6.0
60dbbc0ae0cea5626de2ac0a,2,mesh,N,4.0
60dbbc0ae0cea5626de2ac0a,2,mesh,N,4.0
60c048ca962103e0da201a34,3,mesh,N,13.0
60c048ca962103e0da201a34,3,mesh,N,7.0
60c048ca962103e0da201a34,3,mesh,N,4.0
60c048ca962103e0da201a34,3,mesh,N,4.0
60c048ca962103e0da201a34,3,mesh,N,4.0
60c048ca962103e0da201a34,3,mesh,N,7.0
60c048ca962103e0da201a34,2,mesh,N,11.0
60c048ca962103e0da201a34,2,mesh,N,4.0
60c048ca962103e0da201a34,2,mesh,N,4.0
60c048ca962103e0da201a34,2,mesh,N,4.0
60c048ca962103e0da201a34,2,mesh,N,4.0
60c048ca962103e0da201a34,2,mesh,N,5.0
60c048ca962103e0da201a34,1,mesh,N,9.0
60c048ca962103e0da201a34,1,mesh,N,4.0
60c048ca962103e0da201a34,1,mesh,N,4.0
60c048ca962103e0da201a34,1,mesh,N,4.0
60c048ca962103e0da201a34,1,mesh,N,5.0
60c048ca962103e0da201a34,1,mesh,N,4.0
5f9aba6600cdf11f1c9b915c,1,mesh,E,5.0
5f9aba6600cdf11f1c9b915c,1,mesh,E,4.0
5f9aba6600cdf11f1c9b915c,3,mesh,E,4.0
5f9aba6600cdf11f1c9b915c,3,mesh,E,4.0
5f9aba6600cdf11f1c9b915c,3,mesh,E,4.0
5f9aba6600cdf11f1c9b915c,3,mesh,E,4.0
5f9aba6600cdf11f1c9b915c,3,mesh,E,4.0
5f9aba6600cdf11f1c9b915c,3,mesh,E,4.0
5f9aba6600cdf11f1c9b915c,3,mesh,E,9.0
5f9aba6600cdf11f1c9b915c,1,mesh,E,13.0
5f9aba6600cdf11f1c9b915c,1,mesh,E,7.0
5f9aba6600cdf11f1c9b915c,1,mesh,E,4.0
5f9aba6600cdf11f1c9b915c,1,mesh,E,4.0
5f9aba6600cdf11f1c9b915c,1,mesh,E,5.0
5f9aba6600cdf11f1c9b915c,1,mesh,E,5.0
5f9aba6600cdf11f1c9b915c,2,mesh,E,9.0
5f9aba6600cdf11f1c9b915c,2,mesh,E,8.0
5f9aba6600cdf11f1c9b915c,2,mesh,E,5.0
5f9aba6600cdf11f1c9b915c,2,mesh,E,6.0
5f9aba6600cdf11f1c9b915c,2,mesh,E,4.0
5f9aba6600cdf11f1c9b915c,2,mesh,E,4.0
5f6dff31d44be62b675aa6f7,1,mesh,I,5.0
5f6dff31d44be62b675aa6f7,1,mesh,I,8.0
5f6dff31d44be62b675aa6f7,1,mesh,I,4.0
5f6dff31d44be62b675aa6f7,1,mesh,I,4.0
5f6dff31d44be62b675aa6f7,1,mesh,I,5.0
5f6dff31d44be62b675aa6f7,1,mesh,I,4.0
5f6dff31d44be62b675aa6f7,1,mesh,I,4.0
5f6dff31d44be62b675aa6f7,1,mesh,I,4.0
5f6dff31d44be62b675aa6f7,3,mesh,I,8.0
5f6dff31d44be62b675aa6f7,3,mesh,I,6.0
5f6dff31d44be62b675aa6f7,3,mesh,I,4.0
5f6dff31d44be62b675aa6f7,3,mesh,I,4.0
5f6dff31d44be62b675aa6f7,3,mesh,I,4.0
5f6dff31d44be62b675aa6f7,3,mesh,I,4.0
5f6dff31d44be62b675aa6f7,2,mesh,I,8.0
5f6dff31d44be62b675aa6f7,2,mesh,I,4.0
5f6dff31d44be62b675aa6f7,2,mesh,I,4.0
5f6dff31d44be62b675aa6f7,2,mesh,I,4.0
5f6dff31d44be62b675aa6f7,2,mesh,I,5.0
5f6dff31d44be62b675aa6f7,2,mesh,I,4.0
60087e9189ddb34b79b08be5,2,mesh,E,4.0
60087e9189ddb34b79b08be5,2,mesh,E,4.0
60087e9189ddb34b79b08be5,2,mesh,E,5.0
60087e9189ddb34b79b08be5,2,mesh,E,10.0
60087e9189ddb34b79b08be5,2,mesh,E,4.0
60087e9189ddb34b79b08be5,2,mesh,E,4.0
60087e9189ddb34b79b08be5,1,mesh,E,8.0
60087e9189ddb34b79b08be5,1,mesh,E,5.0
60087e9189ddb34b79b08be5,1,mesh,E,4.0
60087e9189ddb34b79b08be5,1,mesh,E,4.0
60087e9189ddb34b79b08be5,1,mesh,E,4.0
60087e9189ddb34b79b08be5,1,mesh,E,4.0
60087e9189ddb34b79b08be5,3,mesh,E,8.0
60087e9189ddb34b79b08be5,3,mesh,E,4.0
60087e9189ddb34b79b08be5,3,mesh,E,4.0
60087e9189ddb34b79b08be5,3,mesh,E,4.0
60087e9189ddb34b79b08be5,3,mesh,E,4.0
60087e9189ddb34b79b08be5,3,mesh,E,4.0
60087e9189ddb34b79b08be5,3,mesh,E,5.0
613bbfebd7cdd60585f6a3a2,2,mesh,N,5.0
613bbfebd7cdd60585f6a3a2,2,mesh,N,4.0
613bbfebd7cdd60585f6a3a2,2,mesh,N,4.0
613bbfebd7cdd60585f6a3a2,2,mesh,N,4.0
613bbfebd7cdd60585f6a3a2,2,mesh,N,8.0
613bbfebd7cdd60585f6a3a2,2,mesh,N,4.0
613bbfebd7cdd60585f6a3a2,3,mesh,N,10.0
613bbfebd7cdd60585f6a3a2,3,mesh,N,6.0
613bbfebd7cdd60585f6a3a2,3,mesh,N,4.0
613bbfebd7cdd60585f6a3a2,3,mesh,N,7.0
613bbfebd7cdd60585f6a3a2,3,mesh,N,4.0
613bbfebd7cdd60585f6a3a2,3,mesh,N,4.0
613bbfebd7cdd60585f6a3a2,1,mesh,N,12.0
613bbfebd7cdd60585f6a3a2,1,mesh,N,6.0
613bbfebd7cdd60585f6a3a2,1,mesh,N,4.0
613bbfebd7cdd60585f6a3a2,1,mesh,N,4.0
613bbfebd7cdd60585f6a3a2,1,mesh,N,4.0
613bbfebd7cdd60585f6a3a2,1,mesh,N,4.0
613bbfebd7cdd60585f6a3a2,1,mesh,N,4.0
